gavinhoward/bc	commit	1a0789a338038dce8554b1d5e5fac90dedc8c2cb
gavinhoward/bc	release	7.0.3
gavinhoward/bc	unstable	7.1.0
gavinhoward/bc	commit	1a0789a338038dce8554b1d5e5fac90dedc8c2cb
gavinhoward/bc	release	7.0.3
gavinhoward/bc	unstable	7.1.0
gavinhoward/bc	commit	1a0789a338038dce8554b1d5e5fac90dedc8c2cb
gavinhoward/bc	release	7.0.3
gavinhoward/bc	unstable	7.1.0
gavinhoward/bc	commit	1a0789a338038dce8554b1d5e5fac90dedc8c2cb
gavinhoward/bc	release	7.0.3
gavinhoward/bc	unstable	7.1.0
gavinhoward/bc	commit	1a0789a338038dce8554b1d5e5fac90dedc8c2cb
gavinhoward/bc	release	7.0.3
gavinhoward/bc	unstable	7.1.0
gavinhoward/bc	commit	1a0789a338038dce8554b1d5e5fac90dedc8c2cb
gavinhoward/bc	release	7.0.3
gavinhoward/bc	unstable	7.1.0
gavinhoward/bc	commit	1a0789a338038dce8554b1d5e5fac90dedc8c2cb
gavinhoward/bc	release	7.0.3
gavinhoward/bc	unstable	7.1.0
gavinhoward/bc	commit	1a0789a338038dce8554b1d5e5fac90dedc8c2cb
gavinhoward/bc	release	7.0.3
gavinhoward/bc	unstable	7.1.0
