123elf	commit	893c3387f68318429b273de3663b4a7d4c5532f9
123elf	unstable	1.0.0rc4
7zip	commit	0766b733fe3e06dd2a7f9a3cfbf2108ac73abd17
7zip	release	26.03
99f	commit	f6b29edbe8f57cf65b14c5c331722d99cccc6dcb
99f	release	3
aalib	release	1.2
aalib	unstable	1.4rc5
abseil-cpp	commit	1a8a725f5a42aba6be5791a604d39b6bbc22cefc
abseil-cpp	release	20260817.0
abseil-cpp	unstable	20260817.0
accountsservice	commit	88e3de5283c831789835e52851d58ba57a58eeca
accountsservice	release	26.27.3
acl	commit	3589787cd589b34bdd9265936e17190b6d3f17d1
acl	release	2.4.0
acpid	commit	4d90b735fa7ac929059db75b8c2848863960418a
acpid	release	2.0.34
alacritty	commit	d692748d3f61253ebe9f5094320120d22f6a046f
alacritty	release	0.17.0
alsa-lib	commit	f84cd4ced7b36fddb8e4ee24404cf7c091d27020
alsa-lib	release	1.2.16.1
alsa-plugins	commit	eef274dbc890a21c2400c8bffdcbda243782627d
alsa-plugins	release	1.2.12
alsa-ucm-conf	commit	18d142f3bfc9f59cecb4e6d65013da8c8cdccb65
alsa-ucm-conf	release	1.2.16.1
alsa-utils	commit	f3537ede21d0bc5b34835988752523b08459c532
alsa-utils	release	1.2.16
ani-cli	commit	3ad53631ef2433b0c26e25ab011a5b149706c120
ani-cli	release	5.1
anthy	commit	4c15d19f51f47c761d14611be7a251fc3a792c64
anthy	release	0.4.3
ant	commit	233e220ee2c71f173bb3cbe4d2ee02288e58198e
ant	release	1.10.18
anubis	commit	d60d8a833e4d7f8dd5b4468a7ed5940d202ca176
anubis	release	1.27.0
apache-ant	commit	233e220ee2c71f173bb3cbe4d2ee02288e58198e
apache-ant	release	1.10.18
apache	commit	f7e3a01a2a76fda531cc1a42c5b7d1b492b7489c
apache	release	2.4.69
appstream-glib	commit	643d07825e847dbad3e0a6f9b4c73b15774b79cc
appstream-glib	release	0.8.4
appstream	commit	a522912aec23db19e8f1d2a65b1838c16d5d0d88
appstream	release	1.2.1
apr-util	commit	7816152159f75b45444eb33432d49f8fd393d54c
apr-util	release	1.6.5
apr	commit	c5db070f0800834ec9cbfef4a44862cdf87ccdf0
apr	release	1.7.6
aquamarine	commit	04bfb7db7ef7d5b2cc6860623396c606ef015e96
aquamarine	release	0.15.1
aria2	commit	9e7273583f83e881e3ec067b523ba88724088d2f
aria2	release	1.37.0
asciidoctor	commit	30fb8cd5f7145c57274b04524ceaa99812f830e0
asciidoctor	release	2.0.26
asio	commit	8806a6803cde7054c3049d3666d3ec36786568c5
asio	release	1.38.2
aspell	release	0.60.8.2
at-spi2-core	commit	675ad4f16a7a4e0c22873ec96118fce084fc6326
at-spi2-core	release	2.62.0.1
at-spi2-core	unstable	2.62.0.1
attr	commit	c440855d6b33446edf4b5eb1a2d892281f15a99b
attr	release	2.6.0
at	commit	282d01da5a738af1b9b0b724f0b989e51bfe3ba3
at	release	3.2.5
audit	commit	ccd29d145591aba9dd5a01b3207d3dbd18e2413b
audit	release	4.2.1
autoconf-archive	release	2024.10.16
autoconf	commit	b046829c22a822116bced40442d9bc6fb3038f6a
autoconf	release	2.73
autofs	commit	9c369072481ab572f58337f124625f973e16bc18
autofs	release	5.1.9
automake	release	1.19
avahi	commit	1ac139e279d9515fc365b183288ce9441700584e
avahi	release	0.8
avahi	unstable	0.9-rc5
awww	commit	25ea4fd7a42359379da9ddadedda1c477caa4ae0
awww	release	0.12.1
b23	commit	1e6ae5188ad99d1297d206f0335d7fe0a6a205fe
babl	commit	56a387811ec344a55f1a88c5c882b690801e30af
babl	release	0.1.128
bash-completion	commit	00c34614e3a683421a4d1b10f3e72ddf4530af49
bash-completion	release	2.18.0
bash-completion	unstable	2.18.0
bash	release	5.3.20
bash	unstable	5.3.20
bdwgc	commit	e50d792d8abfcd5092eb16113ffb618e913c890b
bdwgc	release	8.2.12
befunge-93	commit	8fe4065c0415b6f6fa6f699798fa9b64737aadc1
befunge-93	release	2.25
bind-utils	commit	5375ad93021c4737239c0cd5bc8ef5c20e6c35ce
bind-utils	release	9.20.29
bind-utils	unstable	9.21.26
binutils	commit	ad78106abfc1ab764f3cb7450493f14b1bd8e9a2
binutils	release	2.47
bison	release	3.8.2
blender	4.2	4.2.23
blender	4.5	4.5.14
blender	commit	64d181010e0dbc49d2faaaa057357aef8d9a809c
blender	release	5.2.2
blfs	commit	4fd113e1c6b54d5c9a0670fcd96e3e8f3bb74a80
blfs	release	13.1
bluefish	release	2.4.2
bluez	commit	ae69dcddd5495c7c72b7935e12e17cf6d6b28461
bluez	release	5.87
bogofilter	commit	d53111fce6cfcfeac9e25eb6335a3fc2eb8b8c84
bogofilter	release	1.2.5
boost	commit	3665225a4c36edc82b516a03d728c31aa6a2efd4
boost	release	1.92.0
bottom	commit	cea754767635df5e161e53f983262cd3f25fd399
bottom	release	0.14.9
brightnessctl	commit	e70bc55cf053caa285695ac77507e009b5508ee3
brightnessctl	release	0.5.1
brotli	commit	42a2ed4355bc6287da6bb6319f090b499cba4550
brotli	release	1.2.0
brotli	unstable	1.2.0
bspwm	commit	e11eff4cb3333216ad03c815609a4ed79e08929c
bspwm	release	0.9.12
btop	commit	d3389d74e88644c50907e84314c3c7c973ba5be9
btop	release	1.4.7
btrfs-progs	commit	6c406ee717efebc103cc6d68e75109ff16aa22f7
btrfs-progs	release	7.1
bubblewrap	commit	0f8073dd9b547e15e8ec9451371f9729830b083d
bubblewrap	release	0.13.0
byacc	release	2.0.20260126
bzip2	commit	66c46b8c9436613fd81bc5d03f63a61933a4dcc3
bzip2	release	1.0.8
cachecontrol	commit	d6e314087b895720997f20accfcf6eba09e71bed
cachecontrol	release	0.14.4
caddy	commit	ac834b5dc70a17dca296f47c78c64587d6631cbb
caddy	release	2.11.6
caddy	unstable	2.11.6
cage	commit	ef6ef6a54b646db1dd468e69f3948765838a3c5b
cage	release	0.3.1
cairo	commit	74755964edef651691d5cd36ff140108298e4e6e
cairo	release	1.18.6
cairo	unstable	1.18.6
capstone	commit	17e40b3f669c2353b2ab3adc02a53e58cd8e02f2
capstone	release	5.0.9
capstone	unstable	6.0.0-alpha11
c-ares	commit	f4156c12c8b36f5cb8f8a53658d44b24263c6ad1
c-ares	release	1.34.8
c-ares	unstable	1.34.8
cargo-c	commit	a228fd974eb1334dc4c8033bc401a4832b3b4ab4
cargo-c	release	0.10.25
catfetch	commit	81201eaad30c5a8b6ab615cfd9631e22e3da3cc1
catfetch	release	1.5.1
catgirl	commit	38dc6a301914efd34f9a57cf75e4d0dae8a529fc
catgirl	release	2.2a
catgirl	unstable	2.2a
cava	commit	299219826379e137f0f4c48bfdc96019360964ec
cava	release	1.0.0
cbindgen	commit	2b757a22bab77981e5d414d554db7a5d6109e727
cbindgen	release	0.29.4
cde	release	2.5.3
certdatatxt	commit	f2a7ffae995318c7f31ef9df5b0ede687b9c7ca9
cglm	commit	58d8c15a124c202188d0094705f778f6129a2612
cglm	release	0.9.6
check	commit	35d9cc011faa0545bf56d5062ae90bbc2688eba7
check	release	0.15.2
chrony	commit	8df4f1263e206585e6c4e61352d042c2dd12916a
chrony	release	4.9
chrony	unstable	4.9
cifs-utils	commit	be9d47cc3c8f3842e8c6418885525130eeae87ed
cifs-utils	release	7.8
cjson	commit	6d9f2443ab071f86e5d9b43025a40929ec41c46c
cjson	release	1.7.19
cldr-emoji-annotation	commit	c1373d4b959425a6bf4d3b005a578561a96cc6a6
cldr-emoji-annotation	release	38-alpha1.0_13.0_0_1
cli11	commit	eced4d837d0ab57242b1c25d03780d35bf2b0d52
cli11	release	2.7.2
clisp	commit	47030ee7736407c36bf7488b951550e18af2ba05
clisp	release	2.49.95
clucene	commit	e8e3d20f20da5ee3e37d347207b01890829a5475
clucene	release	2.3.3.4
cmake	commit	d03678cc5a29c7cf5fa4f2ac588c0962d9b15851
cmake	release	4.4.3
cmake	unstable	4.4.3
cmark	commit	6566d91bdb25898bd910f8bed2a3f18f4a05cf91
cmark	release	0.31.2
colord	commit	56ccc2367ab47cfe0bceff96290edeec3da10136
colord	release	1.4.8
compface	release	1.5.2
conty	commit	4627a1a4f4e44978b147382679d393d62d3c0603
conty	release	1.29.4
coreutils	commit	6f36b64689796bf89b57eb86265e41dc212968c8
coreutils	release	9.12
cowsay	commit	eef317a302d025e3f31787566727c49eaee43648
cowsay	release	1.5.0
cpio	release	2.15
cpptrace	commit	91b6b78e408a8b1c0b7146c9034a03156c082da2
cpptrace	release	1.0.4
cracklib	commit	08e335f8980bf37dade6fc4241ba306ab62ac6ca
cracklib	release	2.10.3
cryptsetup	commit	ca4cc7a44e5794d8ad412f6d4f8463a81fe16d4a
cryptsetup	release	2.8.8
cuda	release	13.4.2
cunit	release	2.1.3
cups-browsed	commit	04b26c8b34407b6ba4631d755d56643d71d057ab
cups-browsed	release	2.1.1
cups-filters	commit	846aca5e8b3bca3aae9389f1dcf20f9aa56d4c8a
cups-filters	release	2.0.1
cups-pk-helper	commit	355ea9ce47d4bb053f43b74ac8f179f4609071a4
cups-pk-helper	release	0.2.7
cups	commit	bdba79680138fa0702236afd55e9c49426b4f01d
cups	release	2.4.19
curl	commit	39ad9b0771708c5aff20663a7ef3704bc55510d7
curl	release	8.22.0
curl	unstable	8.22.0
cyrus-sasl	commit	78a3ad76fc42037aae0e0c6efd544e732561052c
cyrus-sasl	release	2.1.28
cython	commit	418acffa8c56b1b8767ab9993a5cdfb81d9e766f
cython	release	3.3.0
cython	unstable	3.3.0
dash	commit	037bbdfd330017c368caf6242f977974123239b5
dash	release	0.5.13.5
dav1d	commit	7f12cf23560430c02a83e67bb68eec74d93ce5fd
dav1d	release	1.5.4
dbus-glib	commit	c55790e9f1a2e2cb2faf1989c6d7f9e4cb58b8b7
dbus-glib	release	0.116
dbus	commit	1d58afcb1fafee5e461fe11aae228210a5fdde9e
dbus	release	1.16.2
dbus	unstable	1.16.2
dconf	commit	264e6598863fc1d9ad6edb4c58d86f82ea669927
dconf	release	51.0
dconf	unstable	51.0
ddcutil	commit	f070156589b835e52e9064bc8791dbbbd6d5e3b3
ddcutil	release	3.0.2
dejagnu	release	1.6.3
desktop-file-utils	commit	6c3d8920876e21b6f79958b89d67662bc8fb099d
desktop-file-utils	release	0.28
dex	commit	90be4b60019fc735eeff4bdb4ae7aac8418389be
dex	release	0.10.1
dhcpcd	commit	5a91691c65f063551553116ca73f2163ad951c9c
dhcpcd	release	10.5.2
diffutils	release	3.12
docbook-sgml	release	4.5
docbook-xml	release	4.5
docbook-xsl	release	1.79.2
dolphin-emu	commit	048e6306b82b183d061ee33c4ee32d5e76f3f09a
dolphin-emu	release	2609
dolphin	commit	4ae02cf8afa3a2c0ec79f74ddb7398fc93e04d23
dolphin	release	26.08.1
dolphin	unstable	26.08.1
dos2unix	commit	6d356eded3e6b4b265f363228a4adfc741f38341
dos2unix	release	7.5.7
dosfstools	commit	289a48b9cb5b3c589391d28aa2515c325c932c7a
dosfstools	release	4.2
double-conversion	commit	d64160a844bd172c61a072f67f9b9192381e9289
double-conversion	release	3.4.0
doxygen	commit	d4fe2eb0b9c34ccaa1ff768c2890d52d4f560023
doxygen	release	1.18.0
dragon	commit	0f2556a31444665386861abdb4721ad181afb936
dragon	release	1.2.0
drift	commit	64cfd2319986c1965dd34658bbea83b5329664ba
drift	release	1.3.0
dtc	commit	7a1e017926004ecff5fce62d62d42ce9f3e00082
dtc	release	1.8.1
duktape	commit	3afa016bbe6eb13418fba6eaca003c660bc4c241
duktape	release	2.7.0
dunst	commit	8890ea6c053d0a63f055cb132d3bc1cdf139dffc
dunst	release	1.13.2
dust	commit	ae5c770d84316c28bc95e2a3cc7f43fea84b1f68
dust	release	1.2.6
dwl	commit	e2038450f2b7746d5c2600b0b04bc7717a29c986
dwl	release	0.9
dxvk	commit	d30be2baea02a67b9502bffda0ec8b0d915bb3d2
dxvk	release	3.1.1
e2fsprogs	commit	8fd79523d051d5ea881237f27eb1c664486e0078
e2fsprogs	release	1.47.4
ed	release	1.22.6
efibootmgr	commit	0a85e9baaac8a34e4a0bb9c23dfcc9c4f759e061
efibootmgr	release	18
efivar	commit	d7f55275b4e7b704cac4f36994c9267c7b2cd25e
efivar	release	39
eglexternalplatform	commit	cf9f10589775c1b4d90f1df6f417f8cf1bed7ec6
eglexternalplatform	release	1.2.1
egl-gbm	commit	012b356ddb47d1f5203fc68c55b10eb2e23d1dfb
egl-gbm	release	1.1.4
egl-wayland2	commit	ce0eb711fbfb48de7b42bb615847587d15d4bab5
egl-wayland2	release	1.0.2
egl-wayland	commit	2a953fc86ca5707466ff28c117b0b72de87d9316
egl-wayland	release	1.1.23
egl-x11	commit	328a5e1bf457c1467ae2fe91bc43b37827d58bb7
egl-x11	release	1.0.6
elfutils	commit	7b675cbdb0d1f216938b4b33aea30fd35fb1ae0a
elfutils	release	0.196
ell	commit	002b32d7c091993c5036956bf92d2444aca1c799
ell	release	0.83
elogind	commit	d7956ed0b1496db7ff404d1765c31cbd9f6c7aab
elogind	release	257.16
elogind	unstable	257.16
emacs	commit	8899f65f39219410d8b3eb84611071e48348e8bf
emacs	release	31.1
emacs	unstable	31.1
enchant	commit	deccdff7b6ac8cbbdae634fe0b793af291f6caad
enchant	release	2.8.21
enet	commit	5a9c537fd464b3c6d3c55e1d3bd47588faf71b42
enet	release	1.3.18
entr	commit	af3a7093d5e8eea2886d988f266fbc229781ef75
entr	release	5.9
evdevhook2	commit	95ed74b74804af387b9aeeabe517f360c0dad334
evdevhook2	release	1.0.2
exempi	commit	1f5f56701b2309f7790fdf5ccaa6dad7206437de
exempi	release	2.6.6
exiv2	commit	60d59d6796a2cde2fe58a6e5cd0ef0040085965a
exiv2	release	0.28.9
expect	release	5.45.4
eza	commit	471bfbc7b03cbac8c738e8d9050edb06ee79132a
eza	release	0.23.5
fakeroot	commit	d8ddf7376488cc2acc30e19a756c607cdc439847
fakeroot	release	2.1.4
fastfetch	commit	ab200636f1f9529daac1e954104d046bc085915e
fastfetch	release	2.69.0
fast_float	commit	9498cc361e081f46c85c936a0677e271c1930a45
fast_float	release	8.3.0
fbcat	commit	7103938421cd1567e2fa10e303ce375f2bc7c485
fbcat	release	0.5.2
fcft	commit	1ff7e79dabb22514fc27dcf1b61124c1e7bb7c62
fcft	release	3.3.3
fcitx5-anthy	commit	9a7fd5142d3367ed28813eb60f8a2251294823b9
fcitx5-anthy	release	5.1.11
fcitx5-chinese-addons	commit	61474bd3aa9fca26d1c31df93343035697e9f265
fcitx5-chinese-addons	release	5.1.15
fcitx5-configtool	commit	9bd6022c6f5f768d32b6dbe2012358e4cdb1116b
fcitx5-configtool	release	5.1.16
fcitx5-gtk	commit	0445d4f88b08e7058ec26770a65db4bf0b06988e
fcitx5-gtk	release	5.1.7
fcitx5-lua	commit	9bf8d3dd2c6240d8e3e194d09547acbfa6a81204
fcitx5-lua	release	5.0.18
fcitx5-m17n	commit	298bfe6052366559b8ff1be741204c5a7887b904
fcitx5-m17n	release	5.1.8
fcitx5-qt	commit	0285a5d18367d8f3af80dab7e4819d5555982340
fcitx5-qt	release	5.1.16
fcitx5-table-extra	commit	dbc7154a7f0b9fc04313160ae8066ed4d8cbc446
fcitx5-table-extra	release	5.1.13
fcitx5	commit	d82ac1100ee2d125ed61df7c5c287028354bc528
fcitx5	release	5.1.23
fcron	commit	a9c1590d9bf8b3ab3b13bba1d2777c7eb3ea6130
fcron	release	3.4.1
fdk-aac	commit	22128505f539b90a25c7f7463abd00b5d544dee8
fdk-aac	release	2.0.3
fd	commit	ce97e473ebaec49697c07daa50a7bc2b32f713d2
fd	release	10.5.0
feh	commit	4852b6f8b47f2b31be2b46851b43ab772defdefa
feh	release	3.13.1
fetchmail	commit	adbd2d520822a39358f2349748159c71114ac100
fetchmail	release	6.6.8
ffmpeg	2	2.8.22
ffmpeg	3	3.4.14
ffmpeg	4	4.4.8
ffmpeg	5	5.1.10
ffmpeg	6	6.1.6
ffmpeg	7	7.1.5
ffmpeg	commit	460cb05218a236cb587516fe2c8b121403609d95
ffmpeg	release	9.0.2
ffmpeg	unstable	9.1-dev
fftw	commit	93ed4c786934aec9946f8dda4b4e3eb08f8be41c
fftw	release	3.3.11
fftw	unstable	3.3.11
file	commit	5e57b94cdd3f2bc2f6db8581dcce76a89fc9c9f7
file	release	5.48
findutils	release	4.11.0
firefox	commit	084057e952e7dbf376f6c3765ad242aec3785dc6
firefox	esr	153.4.0esr
firefox	release	157.0
firefox	unstable	158.0b2
fish	commit	35c290272cc9c4c51518d0b87810a404d1ce66e1
fish	release	4.9.3
flac	commit	e94ff9f68b8e7dbd3e9f8b1ac18a8eca1914f181
flac	release	1.5.0
flatpak	commit	acb9dc7959ad6eed865acb8fd1f2398095f54017
flatpak	release	1.18.4
flatpak	unstable	1.19.2
flex	commit	4fcc71489ae298c35b0b786114ad524945f2cf95
flex	release	2.6.4
flit	commit	75b1c909d587c1ff5e0fd5f3df1046f74ee249d4
flit	release	4.1.0
floorp	commit	b6d007142c017d1e46eae4f96e9461fb083025a3
floorp	release	12.19.0
fluidsynth	commit	1a6132ad1ce0f4de52f970bc1c49cd8f46ced384
fluidsynth	release	2.6.1
fmt	commit	ea0660a1d095d36861dbcf1b43b96060ea0f2ef0
fmt	release	12.2.0
font-adobe-utopia-type1	commit	65cbf23308402be64b8b52ca5511bf97dfebd5fc
font-adobe-utopia-type1	release	1.0.5
font-alias	commit	ebeee85f070dc12197ad98d1c849786f8e3be124
font-alias	release	1.0.6
font-bh-ttf	commit	fbe629a005fe5b7b11ab0c274805e3b86150239f
font-bh-ttf	release	1.0.4
font-bh-type1	commit	4868bb5e731b8a85afd97b8704d707a871610273
font-bh-type1	release	1.0.4
fontconfig	commit	d416ada7b20a1cdd5050b60a7a1bbdb3d9ddd2dc
fontconfig	release	2.18.3
font-encodings	commit	a7e63704951b95351096c1d96808d48d0fb7e0a8
font-encodings	release	1.1.0
font-ibm-type1	commit	88a51daabc8a5bf2dbb2ace89c638058b01b3cf3
font-ibm-type1	release	1.0.4
font-misc-ethiopic	commit	65a2192f07a2243a6d84a891c9ab6e8a16e6bfa9
font-misc-ethiopic	release	1.0.5
font-util	commit	5c92c11482e017fa7210a71b6f44e40042816209
font-util	release	1.4.2
font-xfree86-type1	commit	e2a0089fc5b6404a6ab417ec6b1b75645283358f
font-xfree86-type1	release	1.0.5
foot	commit	cb2771788998f6a6288e2de8273c55a8214551e0
foot	release	1.28.0
forgejo	commit	8d4047b41016b9373914b8b67cde2e86a020a243
forgejo	release	16.0.5
freebee	commit	058aef25084ec68f4c3e464cbfdcfa3fb1da2628
freeglut	commit	69ac8824f003dd813ceb14b11fb4efaa38cb4aa9
freeglut	release	3.8.0
freeglut	unstable	3.8.0
freetype	commit	adf52842066d16931bb0c16da1ffa2ca277c8a00
freetype	release	2.14.3
fribidi	commit	24f15eee832eafa5d63319b666d50e488668ce31
fribidi	release	1.0.17
fzf	commit	b1be3a8be1b833ce5b92fbbac11637643d60a046
fzf	release	0.74.4
gamemode	commit	a74b8106a2236d1f2696aa44c93bc4c8ef13b42e
gamemode	release	1.8.2
gavinhoward/bc	commit	f334257ca005f961a3002ddea60a0df1add47c76
gavinhoward/bc	release	7.0.3
gavinhoward/bc	unstable	7.1.0
gawk	release	5.4.1
gcc	commit	54df3a3d98b521ad0652b2fe23d9132bcf77d0fa
gcc	release	16.2.0
gcc	unstable	17
gcr	commit	d8e9d18e71b957d2539c27ecb1935a7e9c35ee96
gcr	release	4.4.1
gd/betteredit	commit	9035dc03d53e70a79bfcd5afd35156b7ebc8bfe4
gd/betteredit	release	6.9.2
gd/betteredit	unstable	6.10.0-beta.6
gd/betterinfo	commit	305e1e574865e1a3fe15b43315059c96776a8e68
gd/betterinfo	release	4.4.10.2
gd/betterinfo	unstable	4.4.10.2
gdbm	release	1.26
gdb	commit	ad78106abfc1ab764f3cb7450493f14b1bd8e9a2
gdb	release	18.1
gd/cleanstartpos	commit	ba4110687c7663d231d3771ae41d129a1eaab330
gd/cleanstartpos	release	2.1.3
gd/cleanstartpos	unstable	2.1.3
gd/customkeybinds	commit	426a9aa1fc8811007d56866642a249c3b4a76d0d
gd/customkeybinds	release	2.2.2
gd/customkeybinds	unstable	2.2.2
gd/eclipsemenu	commit	af89a68b5f7dc7df3b9936ea27b676b04626b537
gd/eclipsemenu	release	1.9.4
gd/eclipsemenu	unstable	1.9.4
gd/editor-level-id-api	commit	fdacbc3b38fa1e9a25e4941289e75569e53529c7
gd/editor-level-id-api	release	2.0.0
gd/editor-level-id-api	unstable	2.0.0
gd/editortab-api	commit	6407ef5d11b2d41228f7a555016f2b007536151a
gd/editortab-api	release	2.1.13
gd/editortab-api	unstable	2.1.13
gd/geode	commit	c1ca042171853b37a9c2e8e2c5a3400b30e1c934
gd/geode	release	5.10.1
gd/geode	unstable	5.10.1
gd/gmd-api	commit	7d2d49655b6f95dd860fe1903ac2efc5c6c9068b
gd/gmd-api	release	1.5.0
gd/gmd-api	unstable	1.5.0
gd/imageplus	commit	b88482252b2eb89cc496ddf2313379853af433dc
gd/imageplus	release	1.1.1
gd/imageplus	unstable	1.1.1
gd/jukebox	commit	bdc2b89bc8675c399483a9cb052c66ac6b8aebc4
gd/jukebox	release	3.8.0
gd/jukebox	unstable	3.8.0
gdk-pixbuf	commit	126ae3155faf54674e86551fe2c713d72a93aef7
gdk-pixbuf	release	2.44.8
gdk-pixbuf	unstable	2.44.8
gd/level-thumbnails	commit	9b25828cd23093f8b5749d91e7e422fa3ffbbad2
gd/level-thumbnails	release	2.6.1
gd/level-thumbnails	unstable	2.6.1
gd/mega-hack-installer	commit	9d79f41922793bd2466c2ce9a321c1eee1adb1d7
gd/mega-hack-installer	release	1.1.10
gd/miscbugfixes	commit	db2e071a3cac17f79a9aedfc2610ea2b342e7b72
gd/miscbugfixes	release	1.11.1
gd/miscbugfixes	unstable	1.11.1
gd/nodeids	commit	fc9b3aa12a4eee67f0d26e3f115190cba2deddf1
gd/nodeids	release	1.23.3
gd/nodeids	unstable	1.23.3
gd/trashcan	commit	e0108db42f36241094190dd718edc43572cb0f9e
gd/trashcan	release	1.2.1
gd/trashcan	unstable	1.2.1
gedit	commit	13bd7669ed5df51536056a2b224d965ec5479e41
gedit	release	50.0
gegl	commit	75214d1e6893d5a6b418a62ae6953a121c371a32
gegl	release	0.4.72
geoclue	commit	9ca80392af8a5c03747c81d4ccf61fae933be332
geoclue	release	2.8.2
gettext-tiny	commit	acca7c3d509b9d9d4b33935e822a5bc39b35be01
gettext-tiny	release	0.3.3
gettext	release	1.0
ghostscript	commit	7ad4ec5e3aefd6a28aa0689ce10dc5dbbcd375d2
ghostscript	release	10.08.0
ghostscript	unstable	10.08.0
giflib	commit	a8e3114a81f0987a61d06a41c99fd7cc2d58232c
giflib	release	6.1.3
girara	commit	e120cc0c4f486af935f09a07420606925a6f9305
girara	release	2026.07.18
github-cli	commit	fc4b137cdef0a6bd28fd461b7cf9c84a5812a8cd
github-cli	release	2.102.0
git	commit	c46c1e37724f0478939de636ab8ea5a89086d532
git	release	2.56.0
git	unstable	2.56.0
gkermit	release	2.01
glad	commit	0a7cf1af9e25e02821587bd4095807fc90b6426a
glad	release	2.0.8
glaze	commit	52971fe5fc97d0bac361c20c9cf4cf22e4dbdd12
glaze	release	9.0.0
glew	commit	684c84d407eef11944248315956d3d540959d533
glew	release	2.3.1
glfs	commit	a03b01b6c5409398064330a693a1131eba54274c
glfs	release	13.1
glfw	commit	92dcf4ce74f2e2554a98fea09be7c705c17daa5a
glfw	release	3.5.1
glibc	commit	db6d1da22e65327ae29dcf9bc50986b2e8f3f0bd
glibc	release	2.44
glibc	unstable	2.44.9000
glibmm	commit	666cd1c2fb04cd3426e797a98d78d4b0b50dd60a
glibmm	release	2.90.0
glib-networking	commit	cec3901e7ee31c3eb5e075c45c16389b36ed7d52
glib-networking	release	2.90.0
glib-networking	unstable	2.90.0
glib	commit	36c60f069c6f3776dafc7f6ce18c8c0b606cd8b5
glib	release	2.90.0
glib	unstable	2.90.0
glm	commit	6f14f4792a0cde5d0cf2c910506724d61cb95834
glm	release	1.0.3
glslang	commit	c8095022ee39c7482071bc3177f93f4bca42a6d9
glslang	release	16.6.0
glslang	sdk	1.4.363.0
glu	commit	2318f592b712724a48dd8561b8e7397bb91d7eb7
glu	release	9.0.3
glycin	commit	5cc441739be38360ed4de9fc0b29f2dccee3b6b9
glycin	release	2.2.1
gmime	commit	211a0608379de09610dcfc71605ba7519d963ced
gmime	release	3.2.15
gmmlib	commit	733c91a19baa65c40f4b1cf95a3991cc8c84d866
gmmlib	release	22.10.2
gmp	release	6.3.0
gnome-keyring	commit	e13215e66d599578e9900270252c4539b54ebc04
gnome-keyring	release	51.1
gnome-online-accounts	commit	c142281db4c444359c10b343244bf5eebf5e2535
gnome-online-accounts	release	3.58.1
gnu/bc	release	1.08.2
gnupg	unstable	2.5.20
gnupg	commit	2deec7247aebcc820f91a854f19acb662b115455
gnupg	release	2.5.24
gnutls	commit	b69d41d4e59aeb34b925cdbd5ab2544b9246ef3f
gnutls	release	3.8.13
gnutls	unstable	3.8.13
gobject-introspection	commit	c6c7e781549b359de979fe584e67760dceb7a344
gobject-introspection	release	1.86.0
go/bleve	commit	323561700942de7c7cc110bc9f97f3621bf2eb25
go/bleve	release	2.6.1
go/charm/bubbletea	commit	ff51ba4c51f85875761b15a64f9ab9aa0eaa9fa1
go/charm/bubbletea	release	2.0.10
go/charm/freeze	commit	65acb1e1daed1e6f6989496e15a803b256fdda3a
go/charm/freeze	release	0.2.2
go/charm/glow	commit	6b365eea95f7541d4af441d971010b09f6082a0e
go/charm/glow	release	3.0.0
go/charm/gum	commit	879f048103adf0214b85943b52d8d65b08d772c5
go/charm/gum	release	2.0.2
go/charm/hotdiva2000	commit	eec4f2fb2051643e8a7a3f6bb4f0c4d1eb4e353e
go/charm/lipgloss	commit	6a419c6543d3475a369ef08f6252a2a6f33be733
go/charm/lipgloss	release	2.0.6
go/charm/log	commit	394fd9b15aba02cf7dd118b345248855174a90a4
go/charm/log	release	2.0.1
go/charm/sequin	commit	cc8dffde6e26dc4f43e7849b6672aeb59942b22b
go/charm/sequin	release	0.3.1
go/charm/skate	commit	42427dcc6e405bb1e4bfd46c2b5990e29bdda8a3
go/charm/skate	release	1.1.0
go/charm/soft-serve	commit	37685d36f5b7bf0e32217ddd7c8e045c57772619
go/charm/soft-serve	release	0.12.2
go/charm/vhs	commit	24fa2254a9806091e6ee6a980e9f3bcfe0a9ba53
go/charm/vhs	release	0.12.1
go/charm/wish	commit	2af05484795152f53d9ad10b5be5748a4bec3c95
go/charm/wish	release	2.0.5
go/humanize	commit	a1b4e66b9a6d890e9e15e7091cf16c8032367d6e
go/humanize	release	1.1.0
googletest	commit	bc548fd273c71150a3ae8b63a9c32ee9d38e1edb
googletest	release	1.18.0
go/pflag	commit	c966cfef47379dcb01e7929504d66d94b540945b
go/pflag	release	1.0.10
go/runewidth	commit	8445f9925ccdb493693622d769ae79473290b7ac
go/runewidth	release	0.0.30
go	commit	9442a6b60bde9b7871db2ab0d7363f7278dcad19
go	release	1.27.1
go	unstable	1.27.1
gpep517	commit	e837484550a805a0a1576dfd7896589ab3e6cabf
gpep517	release	23
gperf	release	3.3
gpgmepp	commit	4cd66b8ba18d3b78a8c37153ced8fc5887ae8176
gpgmepp	release	2.2.0
gpgme	commit	56bec336057a5876bf72b5e49e59626d2480f11f
gpgme	release	2.2.0
gpm	commit	e82d1a653ca94aa4ed12441424da6ce780b1e530
gpm	release	1.99.7
gptfdisk	commit	e32052d3d62852008691d04aece64f4ac830a579
gptfdisk	release	1.0.10
gpu-screen-recorder	commit	68dfeb9d7423776f729b3487fb282f9163c1ed52
gpu-screen-recorder	release	6.1.3
graphite	commit	ca8d821e60a15b6c24e404c9086992c975d8e1cf
graphite	release	1.3.15
graphviz	commit	73780af60a7d334f3d67b92afa8b7ab5980696fe
graphviz	release	16.1.0
grep	release	3.12
grim	commit	155adb11572f0d3d9825935b5802a329c4be1f46
grim	release	1.5.0
groff	release	1.24.2
grub	release	2.14
gsettings-desktop-schemas	commit	2b991c09cee915d472ad7f1e9fdb93d921a38805
gsettings-desktop-schemas	release	51.0
gsettings-desktop-schemas	unstable	51.0
gsl	release	2.8
gspell	commit	7bcc272d6cf469cb7aa0c7c35cea6b686077b9a2
gspell	release	1.14.5
gstreamer	commit	2b5b78a0c8884d4aa105470c9c1b7e2059ce2005
gstreamer	release	1.28.7
gstreamer	unstable	1.29.2
gtk-doc	commit	1e7f700db7882b7e25e8957c7b8f5dede5b4b81a
gtk-doc	release	1.37.0
gtkmm	3	3.24.11
gtkmm	commit	711db8e79de41a7f62384e1b719a323cfed33ad0
gtkmm	release	4.24.0
gtk	2	2.24.33
gtk	3	3.24.52
gtk	commit	c4919e460537890741da9cddbec78cb988a76036
gtk	release	4.24.1
gtk	unstable	4.24.1
guile	commit	7f0f63d0865ed0d233b070113adecba9c74ffc8a
guile	release	3.0.10
guile	unstable	3.0.10
gumbo-parser	commit	33103d884bbc77807d188e1a04cf9a83f19f4c5f
gumbo-parser	release	0.14.1
gvfs	commit	86448383907c678bfdabf316a5a78a4ef7daa2ef
gvfs	release	1.62.0
gzip	release	1.15
harfbuzz	commit	b58d201455298c0d9d8dfdc0c7d21b851381b660
harfbuzz	release	14.5.1
havoc	commit	73e3467149fdc394c72b22dee6df6aeac601746c
havoc	release	0.7.0
hdparm	release	9.65
heirloom-devtools	release	070527
heirloom-doctools	commit	2e9b0c67ed0f8efcf81c376e067d5256370dbc23
heirloom-doctools	release	191015
heirloom-ex-vi	commit	3f1e9786d249d18012600ae21175eb3521579402
heirloom-ex-vi	release	4.1.3
heirloom-mailx	release	12.5
heirloom-ng	commit	830c87796712e902b10bba24e13b91f11debc809
heirloom-ng	release	260903
heirloom-sh	release	050706
helium	commit	790ea617b05c02daa96ed1c86312245496e41f75
helium	release	0.18.2
helix	commit	ba40e547426b0f9896c8bdc699a4ab11f2b37dbc
helix	release	25.07.1
hevel	commit	7ef61a5c0d4012417443734919ac723635cd5464
hicolor-icon-theme	commit	08d2acf17aefdb1b3760102ff5df8b95c1ef8884
hicolor-icon-theme	release	0.18
hidapi	commit	852cc68b8e0e4c7eba0815ef992951cd8b75c55b
hidapi	release	0.15.0
highlight	commit	a2c7b2d81732a44eea04e5ed9335a2295dbbf716
highlight	release	4.21
highway	commit	1332fe861b6b90deab51011f285d8f922701d549
highway	release	1.4.0
htop	commit	bb3ee0a0c05fc284736f87ebd8b81533b560a170
htop	release	3.5.3
hwdata	commit	7fc63d411377e40aab66bfbf77dce6a439c3fe87
hwdata	release	0.411
hwinfo	commit	e48d374e0fc6837d3112a8fcbf293346941824f7
hwinfo	release	26.0
hyfetch	commit	346f322c623782e3616b97ea8b1572555d767c3d
hyfetch	release	2.1.0
hyperfine	commit	f12f3d9f86f3643b3b7deace5e160b1f0f44d2b7
hyperfine	release	1.20.0
hyprcursor	commit	e4ed7c08123df5af460a0a70961380cbfb872f76
hyprcursor	release	0.1.13
hyprgraphics	commit	7c895c44e3ca6d28ed68ddd80ec02b02b925e7fc
hyprgraphics	release	0.5.1
hyprland-guiutils	commit	4c30cf3097ea963c0e250749ee0c59f8b08816d6
hyprland-guiutils	release	0.2.2
hyprland-protocols	commit	cc9a8fd253bdc00f48a967ecf4828211ef08751f
hyprland-protocols	release	0.7.1
hyprland-qt-support	commit	05a7be67fb3ade62ac6f2b4bd35def316d29134e
hyprland-qt-support	release	0.1.0
hyprland	commit	aed4830efce40190051a085653d7b297877e4068
hyprland	release	0.56.2
hyprlang	commit	9508458be316a0d70d37ebed1ab725ccd10411ff
hyprlang	release	0.6.8
hyprtoolkit	commit	b3f2d0e725e4eaf804af7e529cb69bbed43d1a04
hyprtoolkit	release	0.6.0
hyprutils	commit	95983ee836ff205e615bba67d1f67098e1231941
hyprutils	release	0.14.2
hyprwayland-scanner	commit	62e62c1ca23da17612c6890d4ad2064f575643db
hyprwayland-scanner	release	0.4.6
hyprwire	commit	4ce7cd6b6128c1ac41caf23c58a30a26b327f9dd
hyprwire	release	0.3.1
i3	commit	903bcd518df32b0e055b17f5da3f988a0187fd3d
i3	release	4.25.1
iana-etc	release	20260911
ibus	commit	d464316d9b9613005c5573a010fec7f9b40b93b6
ibus	release	1.5.34
iceauth	commit	6270ed05ebe46c3da0c6e99ed2b14d0a5ff15637
iceauth	release	1.0.11
icu	commit	0d0fa6b84e3d69e2227e0e5cf3ff3166aa0620a7
icu	release	78.3
icu	unstable	79.1rc
idle-lisa-emu	release	26
imagemagick	commit	a5f9eb3fea94251b9f91b94b0871c520223562b6
imagemagick	release	7.1.2.32
imv	commit	7dc0ddad88dcda466067028bea319216e40d4cbe
imv	release	5.0.1
inetutils	release	2.8
inih	commit	2bbdec4a366c8c39746ee0982e7ca0febbb044b6
inih	release	62
iniparser	commit	7e2959bbb629883dfaf789eb31a27e232fc19cdb
iniparser	release	4.3.0
inkscape	commit	eee0bdf188b5457813f295b0f492f54a613df4f6
inkscape	release	1.4.4
intel-mediasdk	commit	7a72de33a15d6e7cdb842b12b901a003f7154f0a
intel-mediasdk	release	23.2.2
intel-onevpl	commit	cab68d27b07df9efd574f0ac186047e2aeb1f33d
intel-onevpl	release	26.3.5
intltool	release	0.51.0
inxi	commit	d9941a4ed84fdc20737cc44e987a92d4cd0d8d5c
inxi	release	3.3.41.1
iosevka	commit	2487637bb71f41b2a66134afd9faa6c316e5a438
iosevka	release	34.9.0
iproute2	commit	ac0b672924c8993a2da2cb9b6f97908967095a97
iproute2	release	7.2.0
iptables	commit	0ee89bee5bd9e9880ca1e743b5710b52d605a5b6
iptables	release	1.8.13
iputils	commit	18717a3984c83452138d6bed76426237dbe41ae7
iputils	release	20250605
isl	commit	6c2b19a0405759f4d31bf48b73492be4a2b1d813
isl	release	0.28
iso-codes	commit	90b9fe56ec2f3a05675d525d3587ab6c18f30376
iso-codes	release	4.20.1
iwd	commit	d003d0e593323b3de427f01284ede81ba61e9dcc
iwd	release	3.12
iw	commit	e86c54660e67af2382cb15ee21fa756cf5206c4e
iw	release	6.17
jansson	commit	851a2145e3256f2e67e5dfe24b0e456bf198b741
jansson	release	2.15.1
jaq	commit	f167ad43872b14ef4355922331830571ddbe7dae
jaq	release	3.1.1
jasper	commit	5ce57f67e0011e0d2483992a5d77a092b1b64eb7
jasper	release	4.2.9
jbig2dec	commit	6e8205ba61a206a0830f4884ebe52be615735f3d
jbig2dec	release	0.20
jdk	11	11.0.34.u0
jdk	17	17.0.21.u8
jdk	21	21.0.13.u8
jdk	8	8.522.u00
jdk	release	26.u35
jdk	unstable	28.18
jemalloc	commit	a0863b3adb84a6b1fdb8bfd6615440caad956c8d
jemalloc	release	5.4.0
jfsutils	release	1.1.15
jinja	commit	5ef70112a1ff19c05324ff889dd30405b1002044
jinja	release	3.1.6
joe	commit	3874898078005d1f5e519235401fab4fd428dd9b
joe	release	4.8
jq	commit	f13c1effbf7322e42afcc999d7e3d1509d3f38c9
jq	release	1.8.2
jq	unstable	1.8.2
jsoncpp	commit	3347a4b86bb914cb565f0cbda19c06e109513300
jsoncpp	release	1.9.8
json-c	commit	dcd1572e607dc91042f3f90ae06bc95cda13cf6a
json-c	release	0.19
json-glib	commit	8e1bba694bfdc53df02e3bfb2eeb6534f4c5c5f9
json-glib	release	1.10.8
jstest-sdl	commit	710687344a8bd35553f0edf40469531c07b6ef31
kate	commit	17cd3064fa376fd66276d418a43dbd9e92df6c8c
kate	release	26.08.1
kate	unstable	26.08.1
kbd	commit	9c3a59b5ba52e065e5a5398e728e2b1a41c4983e
kbd	release	2.10.0
kdsoap	commit	b1c61aaee3640c2bb06eb8a8ad6015e46a17a3fc
kdsoap	release	2.3.0
kdsoap-ws-discovery-client	commit	a79e0e320ec911d422759d7b7482bb21f7c5b52e
kdsoap-ws-discovery-client	release	0.4.0
keepassxc	commit	9e0f57a4a4c6c629fa6d0a593acb7d089b1d95cd
keepassxc	release	2.7.12
kenlm	commit	4cb443e60b7bf2c0ddf3c745378f76cb59e254e5
keyutils	commit	c076dff259e99d84d3822b4d2ad7f3f66532f411
keyutils	release	1.6.3
kirigami	commit	0e3a438511702890996815e4b832de9aa4c41ae3
kirigami	release	6.30.0
kmod	commit	65ac890492c96b88d10d8c92342a1b00ff603dba
kmod	release	34.2
krb5	commit	82a4224f07ad21c2a3e977c5c4651d7d30c6f1f0
krb5	release	1.22.2
ksh	commit	d48c960d10f6d4b4320df5f9b2bc056faa475c23
ksh	release	1.0.10
ladspa	release	1.17
lame	release	4.0
lame	unstable	4.0
ldns	commit	d945c7436aed094df630de1b4a63490670fb9b07
ldns	release	1.9.2
less	commit	d46bb8e74dcf992c4f7eb840424f2339039e9fbb
less	release	710
less	unstable	710
lfstage	commit	28e7ec84d69e9efbd215328641627dbd491c2a8d
lfs	commit	581459fa304177f34084f03da92149b9aed59197
lfs	release	13.1
libadwaita	commit	9a232fe0ee29bc93125a4cf6b2340841d640fbff
libadwaita	release	1.10.0
libaio	commit	b8eadc9f89e8f7ab0338eacda9f98a6caea76883
libaio	release	0.3.113
libaom	commit	e80624b5ed070d8e88a39ea78cae60d25a65adba
libaom	release	3.15.1
libaom	unstable	3.15.1
libarchive	commit	d294297f9ecade3b2446b677bd087ad84fb7965a
libarchive	release	3.8.9
libassuan	commit	92587b7bf5ffbdd34e2139f3563211cd2d04f652
libassuan	release	3.0.2
libass	commit	f61db567e6593df3470e91594bcd4ad2d0473aff
libass	release	0.17.5
libatasmart	release	0.19
libatomic_ops	commit	c7901207f871e80c973bfeae71f04f7b59c69636
libatomic_ops	release	7.10.0
libavif	commit	873c1685af948efb5a65bccedd96b1910b496661
libavif	release	1.4.2
libbacktrace	commit	0b9b49cf4a2c9229fc052d6716e1528b2f23e91a
libblockdev	commit	fc8cfc5f05cd2752155f75a2501038b608aca11a
libblockdev	release	3.5.0
libbs2b	release	3.1.0
libbsd	commit	5d2dcb1b729d1faebc09aec5e78909efe10eed1d
libbsd	release	0.12.2
libbytesize	commit	76eccb300e9465bd0366b606ecf81e18e87f2315
libbytesize	release	2.12
libcanberra	release	0.30
libcap	commit	8cab242e8b6b82185b6dc0d77b8ccbe6eac57d40
libcap	release	2.78
libcloudproviders	commit	74def66cd39ab692b0d477f18250add12aafd394
libcloudproviders	release	0.4.1
libconfig	commit	1e2dedd046f5119e67b0ccbda5916e8aff55c142
libconfig	release	1.8.2
libcupsfilters	commit	ce65eb7455b5dedb08943a6d966f12bc4eaf3caa
libcupsfilters	release	2.2.1
libdaemon	release	0.14
libdatachannel	commit	773e5b3de2d6c6501fa74cc9aa5c9e6aab1d9e12
libdatachannel	release	0.24.6
libde265	commit	4fb298ec1af0686211dc2def73f4f41c2ce19ce5
libde265	release	1.1.3
libdecor	commit	59c498aff477a3c23dcb5bfaa101c5d3287da629
libdecor	release	0.2.5
libdeflate	commit	92e6a0db9fa848d742f9eb286c92afc60f2c3dda
libdeflate	release	1.26
libdisplay-info	commit	62a9346c3dce2bddba1d4dc186949e4320d6f801
libdisplay-info	release	0.4.0
libdrm	commit	b97cbde15c5c3abfe44d78e8f57139e50f612fec
libdrm	release	2.4.134
libebur128	commit	67b33abe1558160ed76ada1322329b0e9e058b02
libebur128	release	1.2.6
libedit	release	20260512-3.1
libei	commit	a9bf31da06f06bfce73702191c3db93aae289459
libei	release	1.6.0
libei	unstable	1.6.0
libepoxy	commit	d1f952c4565c389d82fd1657153e84e050f35b27
libepoxy	release	1.5.10
libevdev	commit	da116c34068e8cafdce6b06c50a80626fd0b6e5e
libevdev	release	1.13.7
libevent	commit	d82464a277d0f42703702c4dfd9af6af38595a83
libevent	release	2.1.13
libev	release	4.33
libexif	commit	2e9fc4ef98d72203bf9d1f5344ae5b45041a850e
libexif	release	0.6.26
libexpat	commit	1271a4831878ba897c520365c88567aed59ad168
libexpat	release	2.8.5
libffi	commit	bc553867367246d140cd156f060bd0409f57f157
libffi	release	3.8.0
libfontenc	commit	8f2a514b06584f3efd303fcb99e9fb25f75d0906
libfontenc	release	1.1.9
libfs	commit	02d557383527f5111c1c1360c9dfd459a2f7eb59
libfs	release	1.0.10
libfuse	2	2.9.9
libfuse	commit	bf4fdf9df8e2d33393894d0789f89e17520944f0
libfuse	release	3.18.3
libfyaml	commit	6ccf9b47de3f54ccb010f251b29b1104831a94b5
libfyaml	release	0.9.6
libgbm	commit	bfeaf116b323c4383076a8a4c56e47516ae7874d
libgbm	release	1.0.9
libgcrypt	commit	c2283d83f59f1574c67309dc059cad98976ccf08
libgcrypt	release	1.12.4
libgit2	commit	0551dfd4ad989b6a3d5683c0d4cf326c6efef929
libgit2	release	1.9.7
libgit2	unstable	1.9.7
libglvnd	commit	c046a760d845416e98ac4128757b2b356c47fdaa
libglvnd	release	1.7.0
libgpg-error	commit	b973e43d0be8839990cc56d86e3ba575fd7efbb7
libgpg-error	release	1.61
libgsf	commit	b1d2381c2d8e40e033a1765474065c4b90ddd60b
libgsf	release	1.14.60
libgudev	commit	bd531e8622e2c98a1da3d28a0a6df59c844f25c0
libgudev	release	238
libgusb	commit	c4c1b259070290e63b3629e9396832c6a4a94084
libgusb	release	0.4.9
libgxps	commit	693b1b74fce64fa3d340ee9fcf29db60ce2c3551
libgxps	release	0.3.2
libheif	commit	585607ac15c7391831360e19bed2422320362834
libheif	release	1.23.5
libical	commit	cf7f7a7d62c558ced7b4b692385f667b82bd97c3
libical	release	4.0.5
libice	commit	513399df5206f52db92bb88970f38dc8a3ea1645
libice	release	1.1.2
libid3tag	commit	60370c44f20978df7e631e91a55a9c139bb24408
libid3tag	release	0.16.4
libidn2	commit	66cd602a365296d567ee85dbdf59c1d7ef8135c6
libidn2	release	2.3.8
libidn	commit	b027d9f56d9b79d1e756f84bd5718634101785dc
libidn	release	1.44
libime	commit	171edcf137001e8eb8274f53ec010058cda70b09
libime	release	1.1.17
libinput	commit	5cf833b572f5a33663888da321dce0ba1abd82a2
libinput	release	1.32.0
libjpeg-turbo	commit	03c9a9d795c08ab06d625e5fc3bf0ae8b26f9652
libjpeg-turbo	release	3.2.0
libjuice	commit	b89c792e3612faf2f12cf35bcc56857313a06be3
libjuice	release	1.7.4
libjxl	commit	5f92f524f1407de323c409c360ab38cae1d97b27
libjxl	release	0.12.0
libksba	commit	5af016aa8226766563fef2d18f2c13e5eba02b0d
libksba	release	1.8.1
libliftoff	commit	c4226a79b7a52f59bb51789b1eda112658609125
libliftoff	release	0.5.0
liblinear	commit	491c9f1188b97ba70847c70a68be363d186ddf9d
liblinear	release	250
liblqr	commit	0b62a476f98d4d9e960b23abf1327a387cf0f525
liblqr	release	0.4.3
libmbim	commit	cd2e125c326a54f8f32dfbf10d0d64b85fb9d62c
libmbim	release	1.34.0
libmd	commit	27b75df6f9773504f2667a43bcdfafd52796374a
libmd	release	1.3.0
libmng	release	2.0.3
libmnl	commit	d24c88693be13ae77843e18e3388ca9142efdc31
libmnl	release	1.0.5
libmodplug	release	0.8.9.0
libmspack	commit	55d501976171397ccd5d5a7a1ca7da065b1d9a06
libmspack	release	1.11
libmypaint	commit	d5a88fbe6649d5ec776bc42ec8c1f4bb29d7fd7f
libmypaint	release	1.6.1
libmysofa	commit	648eed03472e6720a1ea45d1a1f86c4efb569ff9
libmysofa	release	1.3.5
libndp	commit	2730638bf88984b09531813974f9bd14e1a50165
libndp	release	1.9
libnftnl	commit	3d7184970506df2c09868dc6ef3c21aba383db63
libnftnl	release	1.3.2
libnl	commit	655a638d4e1f74be9256a3108ae2abb84827a9ce
libnl	release	3.12.0
libnma	commit	513be68b39c3db3b16f4432c1e55ed9f7aa9e5a4
libnma	release	1.10.6
libnotify	commit	97c8122ca449804616145314f2f8ee3ff685a82f
libnotify	release	0.8.8
libnsl	commit	c2702fcdf0610e6909ddd67d51cc8a17c1ba464b
libnsl	release	2.0.1
libnvme	commit	01ede320a30ef2094ab4d3fb072cea64f6bf6ecc
libnvme	release	1.16.2
liboauth	commit	c26f038eb9a4d97782e3f9f1e3da2b9356581869
liboauth	release	1.0.3
libpaper	commit	0d3f4636ca3ee454a64c86e8ae5e518be79b665d
libpaper	release	2.3.0
libpcap	commit	e2fe69377b84cf5e963b54946cb616cfbc4a76d4
libpcap	release	1.11.0
libpciaccess	commit	38e6f15f839fba2c49982e7ad61cde681fd5d4d6
libpciaccess	release	0.19
libpipeline	commit	08844b33bd0c77c7567caf1641f3aa48045f3e3b
libpipeline	release	1.5.8
libplacebo	commit	92b5ac6db79f4d680eb656692f7bf51e9606f42a
libplacebo	release	7.360.1
libpng	commit	8334628be93c6e8db518581fcd2a25e7b66db4a3
libpng	release	1.6.59
libportal	commit	cc398d79eb6718f2f27ae92a73d32ece9e5dcadb
libportal	release	0.11.0
libppd	commit	4afdca97f4d416d2a19345bf53b613095a69f679
libppd	release	2.1.1
libproxy	commit	0ac628598eb742f697b692014ae204eca0f75512
libproxy	release	0.5.12
libpsl	commit	a629c831d09011f76974d931be7f6167be90673e
libpsl	release	0.23.3
libptytty	release	2.0
libpwquality	commit	a66e1cd8b5e5647ceb94b554582e9508bbcc5ffa
libpwquality	release	1.4.5
libqalculate	commit	4de0cf26c0501d4a208bf130fdc97cd6558a1d36
libqalculate	release	5.12.0
libqmi	commit	fe54d406c1a2e7d6503f77cbd0b8b1a7065f30cb
libqmi	release	1.38.0
libqrencode	commit	715e29fd4cd71b6e452ae0f4e36d917b43122ce8
libqrencode	release	4.1.1
libraqm	commit	08ee1537e63f93bf926498e12b12ed15ee383216
libraqm	release	0.11.0
libraw	commit	d0a7aa653fb5cbf27927d7bcd1851c3396622b58
libraw	release	0.22.2
librest	commit	8a141b831dfded36c45a2d5070d002bb508f5f3b
librest	release	0.10.2
libretls	commit	198349012002f8d30013eb23c7d6df6a3c9cc65a
libretls	release	3.8.1
librsvg	commit	9dd24204cc92fbdf1e7566968807e8812a27f292
librsvg	release	2.63.2
librsvg	unstable	2.63.2
libsamplerate	commit	0844c208f683527c08ea8a80acc13b398aa9c8bf
libsamplerate	release	0.2.2
libsass	commit	9bb4ebcc1484dd2f3a94a0e735464993ecbae986
libsass	release	3.6.6
libseccomp	commit	90d3f7dd6f52dbf0f4a38ebd0657032b6ef05e6a
libseccomp	release	2.6.1
libsecret	commit	0ee86df896582231417b13faaa5a160aec4a1db1
libsecret	release	0.21.8.2
libsigcplusplus	2	2.12.2
libsigcplusplus	3	3.8.1
libsigcplusplus	commit	9af9264ac1f3ff48f5cdffa7544caed518e2795b
libsigcplusplus	release	3.8.1
libsigsegv	commit	73e371a0762dd1399c9b184709a3882c9bb16a33
libsigsegv	release	2.15
libslirp	commit	62b298621dfc413a42d2181933f5335815afa1a4
libslirp	release	20201217
libsm	commit	4aad70b1fe7042980ba53db6464685e92eae084a
libsm	release	1.2.6
libsndfile	commit	b9103bd48b6c8fb517ae737fe3baee0c718b804c
libsndfile	release	1.2.2
libsodium	commit	75c6d5520a3b99790696d98b554673697c71c5cc
libsodium	release	1.0.22
libsoup	commit	7d43af25f17bc1c77802e37309b76bc60780cd72
libsoup	release	3.8.0
libspiro	commit	a2f38e13e32f6ba54a2647515cdd6d0a61228317
libspiro	release	20240903
libspng	commit	46c81dc2b3747fa43aac33704c890a468f195d6e
libspng	release	0.7.4
libsrtp	commit	32a3a3a59ffcb2cb92cdc4cd187ac9d944c280de
libsrtp	release	2.8.1
libssh2	commit	5fa500d58e0a76f561d3f59e715587d5e3301413
libssh2	release	1.11.1
libstatgrab	commit	0d4ab4ad525cc1d0fc16ba3242fc3e4c3c002201
libstatgrab	release	0.92.1
libtasn1	commit	2b2065b2383aebe138c7d0f7b5646369e5f56ec3
libtasn1	release	4.21.0
libtiff	commit	d23249978a7a99ea2e0752a476611914501577de
libtiff	release	4.7.2
libtirpc	release	1.3.8
libtool	commit	4f47d5565ff3324c3d300a2ae318c9f9981af227
libtool	release	2.6.2
libtree	commit	95d8992968a18ae957fef723f103b416d0843398
libtree	release	3.1.1
libunistring	release	1.4.2
libunwind	commit	d9e7b9a20a00d2c86b37981b7368469d18941b31
libunwind	release	1.8.3
liburcu	commit	645fdc9b720606440a3b1ed74ad394e8eaad796b
liburcu	release	0.15.7
libusb	commit	abba63ed3cad642cc2540ad407b5304109c0ca45
libusb	release	1.0.30
libusb	unstable	1.0.30
libutempter	commit	717116b93d496a19f7f8abf8702517de0053f66e
libutempter	release	1.2.3
libuv	commit	49b1c064714b412d7f7a2f5e7146c977554e57f9
libuv	release	1.53.0
libva	commit	f3fefceb192ca28abf588aadf2392350aebf46ce
libva	release	2.24.1
libvdpau	commit	2afa3f989af24a922692ac719fae23c321776cdb
libvdpau	release	1.5
libvpl-tools	commit	ca59936bd80f37e67311e6a52bc7266820903f4b
libvpl-tools	release	1.6.0
libvpl	commit	674d015bcb294bc39fa276e99a652ea045423e82
libvpl	release	2.17.0
libvpx	commit	0a6f769e44989222d99ded46daa1e9763637cc19
libvpx	release	1.17.0
libvterm	release	0.3.3
libwacom	commit	d4efe9342a6da4c9b8e288d29bc19b1140d93a36
libwacom	release	2.20.0
libwebp	commit	91505ed91fcefa81f6c79a87a1d0740701e4e565
libwebp	release	1.6.0
libx11	commit	6d4432b13c0b3b6a644c13de9c793a14db48d545
libx11	release	1.8.13
libx86emu	commit	ce81129c57fdfbf690bebc210a8db97d926cc5e7
libx86emu	release	3.7
libxau	commit	be1daeb909f1d678e7859ac1555e90b4e768d5c4
libxau	release	1.0.12
libxaw	commit	363a3edc2797e29324e15891a5e96158ce92499f
libxaw	release	1.0.16
libxcb	commit	d4e07bab5729c7d7cc3d2b95568cd9a661a53c4f
libxcb	release	1.17.0
libxcomposite	commit	a6d5d773e2a4e5a11b58f3a894f2085686baa6f4
libxcomposite	release	0.4.7
libxcrypt	commit	174c24d6e87aeae631bc0a7bb1ba983cf8def4de
libxcrypt	release	4.5.2
libxcursor	commit	15efad7ccd035f5d1ddc8d437e047569d1775fa7
libxcursor	release	1.2.3
libxcvt	commit	049b79b74a42dfdc5feea6dd9b98256269610935
libxcvt	release	0.1.3
libxdamage	commit	4ff0f0e76c974faf920e476abccc65a4990a637c
libxdamage	release	1.1.7
libxdmcp	commit	cd27f35c08cd8a7b14cef31d3edc021e638aab7f
libxdmcp	release	1.1.5
libxext	commit	508f8adca2540ff8926ac8456cb1c553a8caae76
libxext	release	1.3.7
libxfixes	commit	55bb2d1d57d43e0595ce45393f26eb433d75a7cc
libxfixes	release	6.0.2
libxfont	commit	975cc6526e892c6fad8fa49d0fef58565fbaa003
libxfont	release	2.0.9
libxft	commit	6b333a36e41b81b98961de1d10af9a627d28841e
libxft	release	2.3.9
libxinerama	commit	d7162b962710bc724b41cabab4e7cea303c4b541
libxinerama	release	1.1.6
libxi	commit	3a0adabd16d8bf19c772061ad67f25c51281edf3
libxi	release	1.8.3
libxkbcommon	commit	66e702d83718bb845148322d5561ef1a9ef843c4
libxkbcommon	release	1.13.2
libxkbcommon	unstable	1.14.0-beta2
libxkbfile	commit	6289ef997918cafdaae5ddc17a7442e30dede994
libxkbfile	release	1.2.0
libxml2	commit	c43dc98d27ac315a48d93dbd399c6c22cf7125b1
libxml2	release	2.15.4
libxmlb	commit	d9dbfb1a5a3d8c25840eececa4355a4a7d164d5c
libxmlb	release	0.3.29
libxmu	commit	ee21c3088aad164207d24bb516756adfdc0642e6
libxmu	release	1.3.1
libxo	commit	cdace49736f6f6c518156b91e159e0894a937cd4
libxo	release	2.3.0
libxpm	commit	58eb875b786e872012c17bb43796b0199f484941
libxpm	release	3.5.19
libxpresent	commit	091d658c935e55d99d2705609837e5faeaf78f58
libxpresent	release	1.0.2
libxp	commit	3822576fc3f36125fffa5b866bb96586883970bc
libxp	release	1.0.4
libxrandr	commit	8a4ba1974bcf07057cf891128d86ae1ab5303574
libxrandr	release	1.5.5
libxrender	commit	0564bce5446550c1b1681f3d8a933c20ea1455f7
libxrender	release	0.9.12
libxres	commit	104c864a2b84c7d00730d2c85ea064bbb957b058
libxres	release	1.2.3
libxscrnsaver	commit	3f753e7a4050db083474444ae91cc17a849eaa4d
libxscrnsaver	release	1.2.5
libxshmfence	commit	50146c659fc5fbd43599e513b5cba0eea4b6dde1
libxshmfence	release	1.3.3
libxslt	commit	ec95343e75c503523b91495f021d109173e169c4
libxslt	release	1.1.45
libxtrans	commit	79f6b0bfe2170496e8c37626043d009f4cd3f1e1
libxtrans	release	1.6.0
libxtst	commit	a1086d8f255e89f8148110a7f03f4a0a3398b784
libxtst	release	1.2.5
libxt	commit	12374ccbd0a32f72f0642283f9d78b105783eb4a
libxt	release	1.3.1
libxvmc	commit	13ecd9cf092cae862434d86708fbf6af6484aa05
libxvmc	release	1.0.15
libxv	commit	f315ec50fcad9bdbaed46c3e78dc5e7fe209f933
libxv	release	1.0.13
libxxf86dga	commit	6039960ac9c7bfcba99516b6a51eb750b40fb5d8
libxxf86dga	release	1.1.7
libxxf86vm	commit	c76fde6bffcc87e5dd98d8196bb01a299bdc3236
libxxf86vm	release	1.1.7
libyaml	commit	90a56d4500aa1a1798514c5cb55c3ad4cb095f94
libyaml	release	0.2.5
libzip	commit	05487938a72b47fa783df5b4dabe0869edc51ebc
libzip	release	1.11.4
libzmq	commit	46493370217ac135246617fa2f6ac819d8b61bfc
libzmq	release	4.3.5
lighttpd	commit	2ddc51389a139d2b08daf310596c951c1d53dc8d
lighttpd	release	1.4.85
limine	commit	b51bc91f8aed41a4b9a221abbc34a94f7a2f20be
limine	release	12.9.1
links	release	2.30
linux-firmware	commit	50c28bbf4158b310fa8463e8937a61940bff76c4
linux-firmware	release	20260916
linux-pam	commit	7d2023cc4df31a703185faa597a9ce6760e36fac
linux-pam	release	1.7.3
linux	commit	ce1e0223d8ad4211275c82a17ed6d43ab81e13d9
linux	longterm	6.18.54
linux	mainline	7.3-rc5
linux	next	20261001
linux	stable	7.2.8
little-cms	commit	772f106dd4ab67b21cfd77f2698290aa9279e6ac
little-cms	release	2.19.1
llvm	commit	d4f6f06041126b3a343ddc21e6bacc19358cc022
llvm	release	23.1.2
llvm	unstable	23.1.2
lmdb	release	1.0.2
lm-sensors	commit	cb9a02a34035bfac3029cc1f4d981d099586a2cf
lm-sensors	release	3.6.2
log4cplus	commit	88bfae3f92ecb492f22e8ab48dd2ea33bda7270c
log4cplus	release	2.2.0.1
logrotate	commit	1aba3764602a0a013ac3fb1ee57ed547dff03f88
logrotate	release	3.22.0
lolcat	commit	f4cca5601ea57df2b5b3c98feea8ad05f4421039
lolcat	release	100.0.1
love	commit	b7daef0f7c1dc5888090f5d5b22d4eaf4ffd1d87
love	release	11.5
lrzsz	release	0.12.20
lsb-tools	commit	813340a04f3ff807cf6dbec698586745f41e8762
lsb-tools	release	0.12
lsof	commit	1ebf257c64db1b2ece5e4d5e922ed711c692f161
lsof	release	4.99.7
luajit	commit	c6ffc141a8762b41703f9287d63d93622a13dd8f
lua	commit	0b29f408433e92953cc72b1d3e06c7ac8139e439
lua	release	5.5.1
lua	unstable	5.5.1
lvm2	release	2.03.43
lxappearance	commit	dc5d5b313c9c46e91e9205b54ae6ad92e7910f64
lxappearance	release	0.6.4
lxml	commit	429524de0c19171c561b6a60690ed2e3cdad5c62
lxml	release	6.1.3
lynx	release	2.9.3
lz4	commit	0774d05537f9762f838f7ab541b7765f1a729cb5
lz4	release	1.10.0
lzo	release	2.10
m17n-db	release	1.8.14
m17n-lib	release	1.8.6
m4	release	1.4.21
maim	commit	14095622ab8dbb39533ea4152dded11d1d8843b3
maim	release	5.8.2
make-ca	commit	7d5aca91d6207a1d40101f439231f2f7341520df
make-ca	release	1.16.1
make	release	4.4.1
mako	commit	14889bc0feacd12102ee61f0769677be2fddbc1b
mako	release	1.4.3
man-db	commit	8dc8ea6e258125e1415ad415f31d1d78c44e43bd
man-db	release	2.13.1
mandoc	release	1.14.6
mango	commit	1fb44f9de6cd5595b46df5e9573fe4a4ce0f853c
mango	release	0.17.4
man-pages	commit	227f4c2fd6c421ad8e4f81ccf1acad1a139fe3a7
man-pages	release	6.19
markupsafe	commit	b2e4d9c7687be25695fffbe93a37622302b24fb1
markupsafe	release	3.0.3
matugen	commit	ca94b8b03c26199158a187f3388a0c61f8802b0e
matugen	release	4.2.0
mbedtls	2	2.28.10
mbedtls	3	3.6.7
mbedtls	commit	c0748befd5beebad73e1797732290e6f7181a08f
mbedtls	release	4.2.0
mc	commit	23a260ab1afd6dcfab193213e3b50570cd662e81
mc	release	4.8.33
mdadm	commit	8f8adb9cd6b931f2caa27fc1bcdc89f48c643787
mdadm	release	4.6
mediawiki	commit	8a592a69c789a100df9bf8de289ae5ed932e6977
mediawiki	release	1.46.0
melonds	commit	906e9ebb27da8c6a715cd7abab4abfe8a8d29427
melonds	release	1.1
mercurial	release	7.2.4
mesa-demos	commit	649baedafcb90313ade69909fdef1ee156ab5f8d
mesa-demos	release	9.0.0
mesa	commit	ab10c10849604a8b2a225635c06ebfc7355ff0d6
mesa	release	26.2.4
meson	commit	e13e320371087c7c2e5bae76c286c5241d8aa668
meson	release	1.12.1
mew	commit	43f9d76cfb6271803e931adc3b7fc19932fa9d38
mew	release	1.0
mgba	commit	c3c8e5e813f245028de118a56734e1dc0f35ce2a
mgba	release	0.10.5
millennium	commit	c30a6c05dc220c0e76d89b8c8d0a6687e256e3ef
millennium	release	3.5.0
millennium	unstable	3.5.0
mingw-w64	commit	49be363ce161977c8594534df488e298e775b8b2
mingw-w64	release	14.0.0
minicom	commit	2dda5f531354e94a2961d7825bd0e982f19485bb
minicom	release	2.11.1
miniupnp	commit	b2b496a65b79a17ec25fc60a4cf2b352464c682d
miniupnp	release	2.3.11
mkfontscale	commit	f0366d621c2257b893186be39251d8f184bf6d86
mkfontscale	release	1.2.4
mksh	commit	341752823184238dc9b2b0a22b48da984f25442d
mksh	release	59c
modemmanager	commit	338ecc06f294d57edea003b866080aacb4055917
modemmanager	release	1.24.2
monero	commit	e0f36de6149ebfbbe092e783fffe0430d97f3e1f
monero	release	0.18.5.1
monkeytype	commit	bcbf5c390a789acfcef5f458740366f6011b971c
monkeytype	release	26.32.0
monomod	commit	374e57fdba96579a4bf946c27f94263eb2e5f348
monomod	release	22.07.31.01
motif	release	2.3.8
mousepad	commit	6f46d92968b6060a0871e3856aab09825c518479
mousepad	release	0.7.0
mpc	commit	19168345803b97b273629b587d49f42236a9ade5
mpc	release	1.4.1
mpdecimal	release	4.0.1
mpd	commit	a6664887665a3b39ea326a70da5afa4b5c6594c5
mpd	release	0.24.15
mpfr	commit	e7f184176a23805484d285a81e0d4a32a753d1a6
mpfr	release	4.2.2
mpg123	release	1.33.7
mpv	commit	3186d369f9f090cd1363be0ac46a037824b702c6
mpv	release	0.41.0
mrustc	commit	a822472b9ee744e58d8b1a79bdd8080f7a7b008f
mrustc	release	0.12.0
msgraph	commit	c89b1b6359cebc410e94141325eff97b65b99fe4
msgraph	release	0.3.5
mtdev	commit	9035c2225494b80b02e985fc7ee77880e0bd6993
mtdev	release	1.1.7
mtools	release	4.0.49
muon	commit	be891e13d6ca9866fc28c77c1e3650f45896ab15
muon	release	0.6.0
muparser	commit	508cce97d983c4c61099ceacc11c984a60053967
muparser	release	2.3.5
mupdf	commit	3a832965584efa322fb6157901d5a48aa21cf012
mupdf	release	1.28.5
mupen64plus-audio-sdl	commit	2faed1c7e62c5f292948e7cd2398c184970cf794
mupen64plus-audio-sdl	release	2.6.0
mupen64plus-core	commit	b20b27ebf9e5b099a978e86dba609111dc98c837
mupen64plus-core	release	2.6.0
mupen64plus-input-sdl	commit	842c39e89749aa3a8d02202b2afddd20b29cdfdb
mupen64plus-input-sdl	release	2.6.0
mupen64plus-rsp-hle	commit	8a7a472a7172eb2c8725b305eae26818ed7b51a2
mupen64plus-rsp-hle	release	2.6.0
mupen64plus-ui-console	commit	c8ac4862a019d7885b24927d9b4db5dd3e42a528
mupen64plus-ui-console	release	2.6.0
mupen64plus-video-rice	commit	f0a7b9f391b0e9bc14962b114f7da1ba553060be
mupen64plus-video-rice	release	2.6.0
musl	commit	c4e1bb3994c14ed5112c894d15a451bf00f0d501
musl	release	1.2.6
mutt	commit	484fbb8f9e83777d48caf8196f08cf8220939644
mutt	release	2.4.2
mypaint-brushes	commit	08da4a48a4b63f2e0f3303942d7c21da8479ea9f
mypaint-brushes	release	2.0.2
nano	commit	76fe5b4e8c8302636d188ea5bc38b54f4537de97
nano	release	9.2
nasm	commit	fbdc88565ccccfa0e8c69b21b1953d1eded02e89
nasm	release	3.02
ncdu	1	1.22
ncdu	commit	d213ae3bb9c727dda1b48aac0f058ae5201d2a72
ncdu	release	2.9.2
ncftp	release	3.3.0
ncompress	commit	03592d7a4702bb83558b6f1520c2a6a5381374c8
ncompress	release	5.0
ncurses	release	6.6
ncurses	unstable	6.6.20260926
neofetch	commit	ccd5d9f52609bbdcd5d8fa78c4fdb0f12954125f
neofetch	release	7.1.0
neon	commit	30688bb29af7d9373c1f84ec811947338b028097
neon	release	0.37.1
neovim	commit	d0596fa4429c0a5e2bd83057cd9e713b5b4587de
neovim	release	0.12.5
netcat	commit	664275e483ed0e7f875a8d64c656d4c2625c3646
netcat	release	1.238.1
nettle	commit	aa32f0fbc2fbea6c4a892fef43286f1eab10d0c9
nettle	release	4.0
nettle	unstable	4.0
net-tools	commit	4f5bfb239d0e99edea745013e315abe990963481
net-tools	release	2.10
network-manager-applet	commit	ff50029feccdccc9d02a4ca51d566c8127808051
network-manager-applet	release	1.36.0
networkmanager	commit	ed1f38cd449b32e935d994eed61600230cf4004b
networkmanager	release	1.58.1
newt	commit	facb7a34a7a36623c2c419a24aac83a5cffffba5
newt	release	0.52.25
nfs-utils	commit	5090e0bb662c53b4552b28b121ac2c2c434adb2e
nfs-utils	release	3.1.1
nfs-utils	unstable	3.1.1
nftables	commit	1afa761d59834c61a30bdf7ffb52a0afaa7d40f4
nftables	release	1.1.7
nghttp2	commit	19d06e62185d93d2398d85241cdbb460349bfe44
nghttp2	release	1.70.0
nginx	commit	2b5c2b605b5df669da5dec6749dcc76c07d1315d
nginx	release	1.31.6
ninja	commit	4e4df1e567eb3c1475a51af261cba2bfff60b4be
ninja	release	1.13.2
niri	commit	ed22699d99462f61ab171472d3ea67e844ea580d
niri	release	26.04
nlohmann-json	commit	11e75a54280b3474cb18c2f24d42660dc385596d
nlohmann-json	release	3.12.0
nmap	commit	18645581453732194342704e26fc8a65fa6534d0
nmap	release	7.991
nodejs	20	20.20.2
nodejs	22	22.23.3
nodejs	24	24.21.0
nodejs	commit	fbbf534de78f8c4b2eca4f8e86c6af87939fb9d6
nodejs	release	26.10.0
noise-suppression-for-voice	commit	9c4e5c28d8950e2cef837d8a0abd36c2fd9b5c2d
noise-suppression-for-voice	release	1.21
notification-daemon	commit	92d248a5db509e4d8bd2e6f9e7f9923bcb184fc0
notification-daemon	release	3.20.0
noto-cjk	commit	f8d157532fbfaeda587e826d4cd5b21a49186f7c
noto-emoji	commit	e20cbc2bbec1926686be9f9bee7d1d2cfa1fea0e
noto-emoji	release	2.051
notofonts	commit	1eb09fb315562c7e07d738691870e52c39b45b39
notofonts	release	2026.10.01
npth	commit	d4e067d96c5e868e5208613f37dfacaab4298d7c
npth	release	1.8
nspr	release	4.40
nss	commit	8571d2bf95b5003535a7ecf6b1e27ef0102aaeeb
nss	release	3.130
ntfs-3g	commit	7f0f841fc52cf719106c5c93bafe465004e36816
ntfs-3g	release	2026.9.28
ntp	release	4.2.8p18
numpy	commit	455acc03559c446bfd1d3f809124301b4276d055
numpy	release	2.5.3
nushell	commit	1f2dd1f54a16903f8d39453201cb15e7744e6236
nushell	release	0.116.0
nvchecker	commit	68b6f3175a803928f19ca50f49b10e3d546e496b
nvchecker	release	2.22
nv-codec-headers	commit	eddcea9e27f6b772057c9b3f87de2cc1737faffc
nv-codec-headers	release	13.1.15.0
nvidia-vaapi-driver	commit	8f395d17f8179a51d631ac2a559810313a9d71f8
nvidia-vaapi-driver	release	0.0.18
nvidia	470	470.256.02
nvidia	580	580.178.04
nvidia	590	590.48.01
nvidia	595	595.104.02
nvidia	610	610.57.04
nvidia	latest	595.99.02
nvidia	release	615.71.09
obs-studio	commit	97ca37291c4e5f5c5c8a0719b8c7b897d2fbc6b5
obs-studio	release	32.2.2
ocl-icd	commit	3e1155f0796cb9ac0fe309664d98e4b0ed2c3300
ocl-icd	release	2.3.5
ogg	commit	06a5e0262cdc28aa4ae6797627a783b5010440f0
ogg	release	1.3.6
oksh	commit	15f69e430e27eebee4dd9eb5c1fd570804ab15bd
oksh	release	7.9
oniguruma	commit	f95747b462de672b6f8dbdeb478245ddf061ca53
oniguruma	release	6.9.10
openal	commit	3b41d45046d523ca1b8cc409eef90bd71b45c496
openal	release	1.25.2
opencl-headers	commit	30bc20a8e90468e231d7c639805ae61ad1fefa4f
opencl-headers	release	2026.05.29
opencv	commit	adb7afef1512cf3f9846cedc3fc3cf394333791c
opencv	release	5.0.0
openjpeg	commit	8314119b067c0fc77834731168daaebd379fdb12
openjpeg	release	2.5.4
openldap	commit	2b8cbe0aace6d7eea7a8b93a90afdbb94b81a0a9
openldap	release	2.7.1
openssh	commit	87f0cd1892e501f835dd210abea5461807c8deba
openssh	release	10.5p1
openssl	commit	7ef69a722c129fe446d7a1fef52ff8f12ccb010b
openssl	release	4.0.3
opentimeline	commit	fc5c58e16f6832972cdb5c656dd8a6d87a4e5b02
opentimeline	release	0.18.1
openttd	commit	0ae972ea9b20028c2aa1381104ed29d5e1a5bc5d
openttd	release	15.3
openttd	unstable	16.0-beta4
opus	commit	503d81b138d76621aae4b12786e90de48aa8db3a
opus	release	1.6.1
orbiton	commit	a2ee53aaf25a308bb55cf4d6e82d28298faa871a
orbiton	release	2.74.5
ostree	commit	9fc54d6104c79c9520a9744b6d7e9130f232ce55
ostree	release	2026.4
outfieldr	commit	fb5ee22899dc4c69228cbaf892186d26cbac2ecc
outfieldr	release	1.1.1
p11-kit	commit	b4e0b5ac1c3f47932ce5c00bd7f55b6d5c3eb4e2
p11-kit	release	0.26.5
pahole	commit	c23e8b30c6dee2f7fd8aa07e9c49e8e4f31bc16c
pahole	release	1.32
pango	commit	8e74c27c113c98664b77272d16b14bbce542c184
pango	release	1.58.2
parallel	commit	1f05ef46e33efac62af6d7fa635cd65dfb05cc84
parallel	release	20260722
parted	commit	1a23654250b5807a39ddcb09da74c1d114f86811
parted	release	3.8
parted	unstable	3.8
pastel	commit	01d4252aa794f1331834948f133e75c64532be46
pastel	release	0.12.0
patchelf	commit	382d8bc12db9e720515da49d9c272ef4a622c3c0
patchelf	release	0.19.2
patch	release	2.8
paxmirabilis	release	20240817
pciutils	commit	6d7fccdf64c14560ffa967b40d1b81bc366da7fb
pciutils	release	3.15.0
pcre2	commit	a4ad57f99f6d3f91028341e34b007bbcc5c32608
pcre2	release	10.49
pcsc	commit	6cadd8152f3cfdb79131a65843d9b85f01f0ae51
pcsc	release	2.5.2
pcsx2	commit	81526d4dc7cc70e4ae75abb35a789417456c6d43
pcsx2	release	2.8.2
pcsx2	unstable	2.9.94
perl/algorithm-diff	release	1.201
perl/alien-build-plugin-download-gitlab	release	0.01
perl/alien-build	release	2.88
perl/alien-libxml2	release	0.20
perl/archive-zip	commit	95897a15dc6da67d298515ff6e5f4e96f4fa8892
perl/archive-zip	release	1.68
perl/autovivification	release	0.18
perl/b-cow	release	0.007
perl/b-hooks-endofscope	release	0.28
perl/business-isbn-data	release	20261001.001
perl/business-isbn	release	3.014
perl/business-ismn	release	1.205
perl/business-issn	release	1.008
perl/capture-tiny	release	0.50
perl/class-accessor	release	0.51
perl/class-data-inheritable	release	0.10
perl/class-inspector	release	1.36
perl/class-singleton	release	1.6
perl/class-tiny	release	1.008
perl/clone-pp	release	1.09
perl/clone	release	0.50
perl/config-autoconf	release	0.320
perl/cpan-meta-check	release	0.018
perl/data-compare	release	1.29
perl/data-dump	release	1.25
perl/data-uniqid	release	0.12
perl/datetime-calendar-julian	release	0.108
perl/datetime-format-builder	release	0.83
perl/datetime-format-strptime	release	1.80
perl/datetime-locale	release	1.46
perl/datetime-timezone	release	2.71
perl/datetime	release	1.67
perl/devel-stacktrace	release	2.05
perl/dist-checkconflicts	release	0.11
perl/encode-eucjpascii	release	0.03
perl/encode-hanextra	release	0.23
perl/encode-jis2k	release	0.05
perl/encode-locale	release	1.05
perl/eval-closure	release	0.14
perl/exception-class	release	1.46
perl/exporter-tiny	release	1.006003
perl/extutils-libbuilder	release	0.09
perl/ffi-checklib	release	0.31
perl/file-chdir	release	0.1011
perl/file-copy-recursive	release	0.45
perl/file-fcntllock	release	0.22
perl/file-find-rule	release	0.35
perl/file-listing	release	6.16
perl/file-sharedir-install	release	0.14
perl/file-sharedir	release	1.118
perl/file-slurper	release	0.014
perl/file-which	release	1.27
perl/html-parser	release	3.86
perl/html-tagset	release	3.24
perl/http-cookiejar	release	0.014
perl/http-cookies	release	6.12
perl/http-daemon	release	6.17
perl/http-date	release	6.08
perl/http-message	release	7.04
perl/http-negotiate	release	6.01
perl/io-html	release	1.004
perl/io-socket-ssl	release	2.099
perl/io-string	release	1.08
perl/ipc-run3	release	0.049
perl/ipc-system-simple	release	1.30
perl/libwww-perl	release	6.83
perl/lingua-translit	release	0.29
perl/list-allutils	release	0.19
perl/list-moreutils	release	0.430
perl/list-moreutils-xs	release	0.430
perl/list-someutils	release	0.59
perl/list-someutils-xs	release	0.59
perl/list-utilsby	release	0.12
perl/log-log4perl	release	1.58
perl/lwp-mediatypes	release	6.05
perl/lwp-protocol-https	release	6.17
perl/mime-base32	release	1.303
perl/mime-charset	release	1.013.1
perl/module-build	release	0.4234
perl/module-implementation	release	0.09
perl/module-pluggable	release	6.4
perl/module-runtime	release	0.018
perl/mro-compat	release	0.15
perl/namespace-autoclean	release	0.31
perl/namespace-clean	release	0.27
perl/net-dns	release	1.57
perl/net-http	release	6.24
perl/net-ssleay	release	1.96
perl/number-compare	release	0.03
perl/package-stash	release	0.40
perl/params-validate	release	1.31
perl/params-validationcompiler	release	0.31
perl/parse-recdescent	release	1.967015
perl/parse-yapp	release	1.21
perl/path-tiny	release	0.150
perl/perlio-utf8_strict	release	0.010
perl/regexp-common	release	2024080801
perl/role-tiny	release	2.002005
perl/scope-guard	release	0.21
perl/sgmlspm	release	1.1
perl/sort-key	release	1.33
perl/specio	release	0.53
perl/sub-exporter-progressive	release	0.001013
perl/sub-quote	release	2.006009
perl/sub-uplevel	release	0.2800
perl/term-table	release	0.028
perl/test2-plugin-nowarnings	release	0.10
perl/test-command	release	0.11
perl/test-deep	release	1.205
perl/test-differences	release	0.72
perl/test-exception	release	0.43
perl/test-fatal	release	0.019
perl/test-file-sharedir	release	1.001002
perl/test-file	release	1.995
perl/test-leaktrace	release	0.17
perl/test-needs	release	0.002010
perl/test-requiresinternet	release	0.05
perl/test-requires	release	0.11
perl/test-simple	release	1.302225
perl/test-utf8	release	1.03
perl/test-warnings	release	0.038
perl/test-without-module	release	0.23
perl/text-bibtex	release	0.91
perl/text-csv	release	2.06
perl/text-csv_xs	release	1.64
perl/text-diff	release	1.46
perl/text-glob	release	0.11
perl/text-roman	release	3.5
perl/tie-cycle	release	1.233
perl/timedate	release	2.35
perl/try-tiny	release	0.32
perl/unicode-collate	release	1.31
perl/unicode-linebreak	release	2019.001
perl/uri	release	5.37
perl/variable-magic	release	0.65
perl	commit	157525abaa406f6d0737a3480cc625eb33e3ff8b
perl	release	5.44.0
perl	unstable	5.45.3
perl/v	release	0.23
perl/www-robotrules	release	6.03
perl/xml-libxml-simple	release	1.01
perl/xml-libxml	release	2.0213
perl/xml-libxslt	release	2.003000
perl/xml-namespacesupport	release	1.12
perl/xml-sax-base	release	1.09
perl/xml-sax	release	1.02
perl/xml-simple	release	2.25
perl/xml-writer	release	0.900
php	commit	3254c4e36e36e5fc9da2f5876e05ee39634f8665
php	release	8.5.11
php	unstable	8.6.0rc2
picom	commit	3502b29b8316c368229c25646dde6aff978bab67
picom	release	13
pigz	commit	fe4894f57739e3039a2ffc2a2a360d35e19bacbe
pigz	release	2.8
pinentry	commit	15b7e8aa023e4fb38db8af53f3d55deb44be17e5
pinentry	release	1.3.3
pipewire	commit	702a11de5b6bd48dcd358d000588dfa1618174c9
pipewire	release	1.6.9
pipewire	unstable	1.6.9
pixman	commit	d19a8c7eb8f3fe243366bb430b040ace746b279d
pixman	release	0.46.4
pkgconf	commit	d908d63634c13b9a4f88d2fe4578d95048a6b13c
pkgconf	release	3.0.7
pkgconf	unstable	3.0.7
pkgsuite	commit	056d70bd823ec1ca2281e79c7f8293767cc8b731
plexus_20_emu	commit	6ed08d6e05c30f75c01803d8acdb7cad274d74da
plog	commit	58919888c02105dd27baa8ee6f294d92a179f357
plog	release	1.1.11
plutosvg	commit	fd8a080b3d0bccc41f1ae708d3785e7f08398a58
plutosvg	release	0.0.8
plutovg	commit	f63f9b59dda96c7d1ca3c76e9b33e5ae4b91fab1
plutovg	release	1.3.3
ply	commit	9d7c40099e23ff78f9d86ef69a26c1e8a83e706a
ply	release	3.11
pm-utils	commit	7017b46d105261697f94b1ae476ed6e3ddf88a76
pm-utils	release	1.4.1
polkit-gnome	commit	a0763a246a81188f60b0f9810143e49224dc752f
polkit-gnome	release	0.105
polkit	commit	9eb08a9b494a656f0be8369ce1f8a13e77ae16d3
polkit	release	127
poppler	commit	26e53b60bb099e2598a2a72a0d280d9cac9e5774
poppler	release	26.08.0
popt	commit	14c42b415ba0c11640f7d4ee80920452d0287058
popt	release	1.19
portaudio	commit	873e3c83fbe2f57ebcf59083e627a3f8fa051ffe
portaudio	release	19.7.0
potrace	release	1.16
power-profiles-daemon	commit	09eeb34939e94404de54bfa8b40185f1889aaacc
power-profiles-daemon	release	0.30
printproto	commit	44a393878795bc76376fd912365fea1620414fa8
printproto	release	1.0.5
prismlauncher	commit	323609694d04a4715e88a087ccf7de05696c998c
prismlauncher	release	11.1.1
procmail	commit	8b379c4f536320abafd524fd4ccfedaf3f387f54
procmail	release	3.24
procps-ng	commit	55b7d01d2c6006362b1d221a41594c40b6d77640
procps-ng	release	4.0.7
protobuf-c	commit	4719fdd7760624388c2c5b9d6759eb6a47490626
protobuf-c	release	1.5.2
protobuf	commit	813ef8dd35c3e7ed7199beeed77372f1387a7148
protobuf	release	36.2
psmisc	commit	f3b51bdc90b6b5cb610528cce3d8262a932d50f0
psmisc	release	23.7
pugixml	commit	27b68329de32cf9c601ca8eb6c588fd639960c40
pugixml	release	1.16
pulseaudio	commit	77d25a1e613095bdf87a1d13b65e7c330565077a
pulseaudio	release	17.0
pyparsing	commit	f803ae834288032a700331977639fc49c62fcd7f
pyparsing	release	3.3.3
python/alabaster	commit	fba58a43980385019ceb593f88ab8821e17840c0
python/alabaster	release	1.0.0
python/asciidoc	commit	38ea14a19b95fae22ec8baa18face46bf53c60db
python/asciidoc	release	10.2.1
python/attrs	commit	a602f78ff670f22be90fb8aea501a6cc30e10fdd
python/attrs	release	26.1.0
python/babel	commit	e2a17919f0eb988bfea2883b00793ca4d5d37c4f
python/babel	release	2.18.0
python/blueprint-compiler	commit	8eca521ae720655c837fd1885940ed91f7517e6f
python/blueprint-compiler	release	0.22.2
python/build	commit	f1fccc1182b6a2cc1ed263c917d2020e7abc62ae
python/build	release	1.6.1
python/cachecontrol	commit	d6e314087b895720997f20accfcf6eba09e71bed
python/cachecontrol	release	0.14.4
python/certifi	commit	9d0a8f1f3a0d6b2e38d5773db7afe1a37e4527b6
python/certifi	release	2026.07.22
python/chardet	commit	e9603fad69cdc5d34d03616682650acd4891eb5d
python/chardet	release	7.6.0
python/charset-normalizer	commit	935c29ad2d0d6e62fcf3a6e0617c55dc6e85db8f
python/charset-normalizer	release	3.5.2
python/cssselect	commit	de9830148f618886c9d0f529c3d7cdf6a72589fa
python/cssselect	release	1.5.0
python/dbusmock	commit	45885bf940b3f90f72570b202e8cc3b56d3b0506
python/dbusmock	release	0.38.1
python/dbus-python	commit	35cc6c1bdbc620023eaef41844583fbee87a97bc
python/dbus-python	release	1.5.0
python/docutils	commit	ef6391a47eae2744038b9a97c18269f78ecf95b6
python/docutils	release	0.23
python/doxypypy	commit	364981da1cab240595db853d190a0c7598ba2497
python/doxypypy	release	0.8.8.7
python/doxyqml	commit	f3f9be94d0829bbae5e2f71c7b7a97b0063d25eb
python/doxyqml	release	0.5.3
python/editables	commit	e54908a593a1062be201d1acdb80e379e0776d4b
python/editables	release	0.6
python/gi-docgen	commit	14294d53a3d7b07a1a5735fad8eb36206b25fc96
python/gi-docgen	release	2026.1
python/hatch-fancy-pypi-readme	commit	55f88f041d286e1425020555bb9b8512b0afd83d
python/hatch-fancy-pypi-readme	release	25.1.0
python/hatchling	commit	7c26ebeaf8b83f5f0374a2545bb15e36c87db0d0
python/hatchling	release	1.32.4
python/hatch-vcs	commit	dfec2c06defdb4648eb66f6aadf7b57453d732cd
python/hatch-vcs	release	0.5.0
python/hatch	commit	7c26ebeaf8b83f5f0374a2545bb15e36c87db0d0
python/hatch	release	1.18.1
python/html5lib	commit	fd4f032bc090d44fb11a84b352dad7cbee0a4745
python/html5lib	release	1.1
python/idna	commit	c79316ffefd06e7fcd05d33a57e3f0a4fd1c2f5d
python/idna	release	3.20
python/imagesize	commit	cf87fc06d599c71b61564eca97873b7bc75ab49a
python/imagesize	release	2.0.1
python/iniconfig	commit	00e7d87c7353b1ffecc4cd55f19acfffedd5233e
python/iniconfig	release	2.3.0
python/installer	commit	ba622422bc1c458d8cb82f08085a807cf2146d7a
python/installer	release	1.0.1
python/markdown	commit	30025751dcb06d348ed046c47b84cb26c72be0f6
python/markdown	release	3.11.0
python/maturin	commit	4c4d695109ef2799d6331681f9cafbccc4722bac
python/maturin	release	1.15.0
python/meson-python	commit	49a633f0cac62bf2fe21ea6c15d00450a22bd5e2
python/meson-python	release	0.22.1
python/msgpack	commit	742cb6d7ad141343edcccc829b5b06d0c6f8fcb5
python/msgpack	release	1.2.3
python/packaging	commit	2602dd07d8bd5d6c54a3ce0e212f52eb2e127f3e
python/packaging	release	26.3
python/pathspec	commit	67f92eb506a735ec4956dd371c536703b7a18fb2
python/pathspec	release	1.1.1
python/platformdirs	commit	af2fc7f3e0beee7f4672787152ff41c5c59e0909
python/platformdirs	release	4.12.2
python/pluggy	commit	7aa82ed6543db40a0c44b68e933c5ae630bce6ab
python/pluggy	release	1.6.0
python/psutil	commit	76805f580474b5f5766e44ae3dd5aaf2d97cea7f
python/psutil	release	7.2.2
python/py3c	commit	a5867637d19da7b3d6595216f91fe6c38020fdb6
python/py3c	release	1.4
python/pyatspi2	commit	a0df428cfe6713be5769e1a3d3ca9942b6b4645d
python/pyatspi2	release	2.58.2
python/pycairo	commit	f7f3fe533b31dcb8745a8d3cd0eacb7a85f32dcf
python/pycairo	release	1.29.1
python/pycodestyle	commit	f39d0999392236970bec1f01cbb670a4f4e088db
python/pycodestyle	release	2.15.0
python/pycurl	commit	60ebff0e5eed90057f0777fce6f354b1e74799f3
python/pycurl	release	7.48.0
python/pyflakes	commit	9c5e3325b4268ac435660a0487b8f3aea9c6f2c2
python/pyflakes	release	4.0.1
python/pygdbmi	commit	d570d7157f6fa081208bc82269a8efff87505708
python/pygdbmi	release	0.11.0.0
python/pygments	commit	156d85fdd18d34427fe893527e71da91dcfb0eb5
python/pygments	release	2.21.0
python/pygobject	commit	8c07464b730e963b66330b693f5823192b632e7e
python/pygobject	release	3.58.0
python/pyproject-hooks	commit	184c9f56a87ede1276a5b33f5024204adb792cd2
python/pyproject-hooks	release	1.3.3
python/pyproject-metadata	commit	c78be647e3d747b007996cdaa8899b2b4f533b84
python/pyproject-metadata	release	0.12.1
python/pyserial	commit	a5c48d445fbc1943d4fabf8d9090a50fda3172fd
python/pyserial	release	3.5
python/pytest	commit	2887015cade4757385308e7a7d8083557fc637e2
python/pytest	release	9.1.1
python/pytz	commit	1ac6e51578e9ed08303cd13fe0f2652f3d1f1314
python/pytz	release	2026.4
python/pyxdg	commit	63033ac306aa26d32e1439417e59ae8f8a4c9820
python/pyxdg	release	0.28
python/pyyaml	commit	34a9bf82357f4952d8f194a5a31f1c39743652d0
python/pyyaml	release	6.0.3
python/recommonmark	commit	0df398dbca128ce9d6f48f960bb40b9242642a5f
python/recommonmark	release	0.7.1
python/requests	commit	611c6162cbc4ac2020a2f91c7cfa4f3abf9bbb60
python/requests	release	2.34.2
python/roman-numerals	commit	adeca8ee3c4afbeb456ac3706ca459a0f3abc038
python/roman-numerals	release	4.1.0
python/scour	commit	0609c596766ec98e4e2092b49bd03b802702ba1a
python/scour	release	0.38.2
python/semantic-version	commit	2cbbee3154d9011cee873ae3a020cd17c669f6df
python/semantic-version	release	2.10.0
python/sentry-sdk	commit	8afefe81d014cc6bffffca28c18e1219f545d49f
python/sentry-sdk	release	2.71.0
python/setuptools-rust	commit	08d69622c88e4b8d5bd27fdc5b0962ea803b65f9
python/setuptools-rust	release	1.13.0
python/setuptools-scm	commit	b27f5973c4e24cdbca08f8c003e431e220f52a40
python/setuptools-scm	release	10.3.4
python/setuptools	commit	4e612f9e44ecfad130d0b2a27a2dce0740599b4b
python/setuptools	release	84.0.0
python/six	commit	c8e394065cd541a16c040515dc0afb85cf22a7c3
python/six	release	1.17.0
python/smartypants	commit	f1266cfbe42c7f85d96c329d4b8a1dba017f3efa
python/smartypants	release	2.0.2
python/sphinxcontrib-applehelp	commit	f4f9d900b238d03da601bf7c75cff5bcbcee6d7c
python/sphinxcontrib-applehelp	release	2.0.0
python/sphinxcontrib-devhelp	commit	0177fb44f165305f27b34e69e6e7e5ed6f24d752
python/sphinxcontrib-devhelp	release	2.0.0
python/sphinxcontrib-htmlhelp	commit	f7f5d4ecf27fad97e2454fbeda94c6a105c994ff
python/sphinxcontrib-htmlhelp	release	2.1.0
python/sphinxcontrib-jquery	commit	80d1d3925c17c1860283323972680690f81d7b18
python/sphinxcontrib-jquery	release	4.1
python/sphinxcontrib-jsmath	commit	19763d7fc9ebb29eb2f325fef0bc6f067907a233
python/sphinxcontrib-jsmath	release	1.0.1
python/sphinxcontrib-qthelp	commit	783caf58e9ba9cf0450746b7f65d4bc8229ccd8f
python/sphinxcontrib-qthelp	release	2.0.0
python/sphinxcontrib-serializinghtml	commit	f0f3b15b2e6bb47570d605ebd5687643d7a85b9d
python/sphinxcontrib-serializinghtml	release	2.0.0
python/sphinx_rtd_theme	commit	795de79c8b311592f5863a25307d85924bf52164
python/sphinx_rtd_theme	release	3.1.0
python/structlog	commit	91f44ae9031c80ad9c6045172f182803543ba6ba
python/structlog	release	26.1.0
python/toml	commit	65bab7582ce14c55cdeec2244c65ea23039c9e6f
python/toml	release	0.10.2
python/tornado	commit	57ac91bfd6ac1e4a935bafaad79e4a1fc99dea6e
python/tornado	release	6.5.10
python/tornado	unstable	6.6.0a1
python/trove-classifiers	commit	bc832553ebe6114e7682f09bc59bda6552da37cd
python/trove-classifiers	release	2026.9.21.13
python/typogrify	commit	3704a35b9d342e4596d5c979e941bbfb90a56fa9
python/typogrify	release	2.1.0
python/urllib3	commit	796d200d3070ead69ec3a5d848fecf52a2249b59
python/urllib3	release	2.8.0
python/uv	commit	70fe1196a546e49148a73b1c592b2f74c33af80e
python/uv	release	0.12.21
python/vcs_versioning	commit	b27f5973c4e24cdbca08f8c003e431e220f52a40
python/vcs_versioning	release	2.5.0
python	commit	a4f28a52b4b54c34100ee0891b9a15640ed3a7b2
python	release	3.14.8
python	unstable	3.15.0rc2
python/webencodings	commit	513de30767127a7b34a7b3218358206b41c6135f
python/webencodings	release	0.5.1
qca	commit	66026b6b2e87adfa70292718cff6c721c28dfed7
qca	release	2.3.12
qcoro	commit	11c75cffdbf229b9406a949cf6a912a0aa194b27
qcoro	release	0.13.0
qemu	commit	f7ada39edacaa5c26b30e98b94017b0b2ccbcf94
qemu	release	11.1.2
qpdf	commit	4eba95899886e851cc41d76886483b347612f2a8
qpdf	release	12.4.2
qr-code-generator	commit	3c6d0b3cefb4e049dc337e82237c9644399716a8
qr-code-generator	release	1.8.0
qt	5	5.15.19
qt	commit	66609b5694bec496804827d233889ddd0497dca4
qt	release	6.12.0
quazip	commit	5afc8987daeffc2a7081af27aa829e3f0924596e
quazip	release	1.7.2
quickshell	commit	41651d7dcd62a9400eb6f4f8a8580efe00901efb
quickshell	release	0.3.1
raptor	commit	edbf27f56d00e7b5d09fb3fed0857703471cc841
raptor	release	2.0.16
rasqal	commit	9e0914fc833354d8f8a562b80e05cc1b73acd345
rasqal	release	0.9.33
ratpoison	commit	db94d4971d8dcae736cf5246ef7d0454aa345ac0
ratpoison	release	1.4.9
rdfind	commit	cac59ade85de364074a5ef1898096117c21570cc
rdfind	release	1.8.0
re2	commit	972a15cedd008d846f1a39b2e88ce48d7f166cbd
re2	release	2025.11.05
readline	commit	f95e81428a77b37d83e56c0c7099956e8a7adfc8
readline	release	8.3.6
readline	unstable	8.3.6
redland	commit	09ff96ff8fe6269edb6a53cb9d8338f6fd76185e
redland	release	1.0.17
rhash	commit	3dbba4baa3cbdc3baf06d3ba086d8094bd98cd88
rhash	release	1.4.6
ripgrep	commit	3fce3b5bb0236da2df6d99672afb8a719642eca7
ripgrep	release	15.2.0
rip	commit	c29197a13fa4fb0363c171f751e780b91f2f476d
rip	release	2.4.0
rishot	commit	a87427a9083981315a080133636c38d8ca565d0e
rmpc	commit	f677f677101ba95e6c0ace0617924608fd82a973
rmpc	release	0.11.0
rnnoise	commit	70f1d256acd4b34a572f999a05c87bf00b67730d
rnnoise	release	0.2
rofi	commit	1ad1df6b72d4c8b0e40e8ced1249ef8a8a6bc0ad
rofi	release	2.0.0
rpcbind	commit	dd1d77bbed9fc96bebd475296511b5273bca9ebb
rpcbind	release	1.3.1
rpcsvc-proto	commit	cd6ecf8f0ef1abaf8c29f1d3339af6207c060e5f
rpcsvc-proto	release	1.4.4
rpmextract	commit	f75b260526631031632166b8a7180b723596bd79
rpmextract	release	1.0
rsync	commit	f884cfe6892f391487fb9a17fef98dee9f9a1360
rsync	release	3.5.1
rtmpdump	commit	138fdb258d9fc26f1843fd1b891180416c9dc575
rtmpdump	release	2.6
rubberband	commit	e4296ac80b1170018a110bc326fd0d45a0eb27d6
rubberband	release	4.0.0
ruby	commit	9f323525f8194f7670a1519d81a27cfb41dc9306
ruby	release	4.0.7
ruby	unstable	4.0.7
rust/anyhow	commit	2cbb4e1bcbf8e7015f8d8b04a291c4c0597030b4
rust/anyhow	release	1.0.104
rust/axum	commit	f8b02f22cf10bee707bda19b58265b9e33677535
rust/axum	release	0.8.9
rust-bindgen	commit	2829d9a5f48ae377a88ef7438c1e47d0779a4165
rust-bindgen	release	0.73.2
rust/mio	commit	52097880b257aab42b10f9231a97b4a0da725587
rust/mio	release	1.2.3
rust/quote	commit	dcaa9aaf1f1c048eaaa209e8d881ffc3c82cd004
rust/quote	release	1.0.47
rust/serde	commit	6693a89cca77e0151437da1c7f890090b9ebf04c
rust/serde	release	1.0.229
rust/syn	commit	295f9648f499cd2576d4cb022f3fcc7f96ce0a74
rust/syn	release	3.0.6
rust/thiserror	commit	40e87c524be1d48c1580274a677d25eb2c49862f
rust/thiserror	release	2.0.21
rust/tokio	commit	e6e84a4d4a5e11d5d0f419444a634ee07203b3e5
rust/tokio	release	1.53.1
rust/tracing	commit	d9d4c542de10f5d3a711b7a45ffe450fd0666437
rust/tracing	release	0.1.44
rust	commit	c36f1457196e315bc204b9564a6a5a7fe7f5a51f
rust	nightly	2026-10-01
rust	release	1.99.0
r	release	4.6.1
s4-3b1-pc7300	commit	efe55b8cc917e3e27bcae9786c5b5dec0469be45
samba	release	4.25.0
samurai	commit	531ba700c5fbbfd3d8e3ed91226d0c57134a6fb3
samurai	release	1.3
sassc	commit	a92527c470724444d073d5055d4c61b864e363f5
sassc	release	3.6.2
scdoc	commit	24be30ef17d5ca0162f11b35258c8fa2413d556a
scdoc	release	1.11.5
scenefx	commit	dc3cddc3d40def29ed7a5ac16d3a48d348a8d75a
scenefx	release	0.5
schilytools	commit	e835e64f0d84a614b3c8d619ac646060ea6922a5
schilytools	release	2024.03.21
scons	commit	80c749ed90adc3cf623b5dfa206917067f3b5677
scons	release	4.11.1
scour	commit	0609c596766ec98e4e2092b49bd03b802702ba1a
scour	release	0.38.2
screen	commit	9d8b0ff3901bdcb8d3bc05d94fce2ef987562768
screen	release	5.0.2
sdbus-cpp	commit	1b1df8057c609f80b9f279b76b7e272a33952fd5
sdbus-cpp	release	2.3.1
sdl12-compat	commit	575b1d3e1bb41f8606d183e0107d2b80db865d0a
sdl12-compat	release	1.2.76
sdl2-compat	commit	7bfe69ddd9b30ca41738623b84bf886264aa045c
sdl2-compat	release	2.32.72
sdl2_net	commit	30dd38a36b487b60847a8bb9832e94b124802e2f
sdl2_net	release	3.2.0
sdl	commit	ea7a2dabfd1ab6b0a5720568ffd207f5825e47f1
sdl	release	3.4.16
seatd	commit	427b5d956afb589c4c8a1612c75644a9254d2051
seatd	release	0.9.3
sed	release	4.10
senpai	commit	8b363044a27dc1db7ed657f18f9abbb41e84f77b
senpai	release	0.5.0
serf	commit	1a26bcb2d6e27abc4a996b0c32d661415214a0bf
serf	release	1.3.10
sessreg	commit	c1c6af193bc2f15878b4121bdd15e5fec69ff8f2
sessreg	release	1.1.4
setconf	commit	a394fc1a8f94e6f4985724a111799c2e22568d4a
setconf	release	0.7.7
setxkbmap	commit	66d92298f83dd3406303fd2b376d70f5cb1b704d
setxkbmap	release	1.3.5
sg3_utils	commit	1929463554c5dc749c5a89bcefb2c88a08d45575
sg3_utils	release	1.49
sgml-common	release	0.6.3
shaderc	commit	f6949aa1ddaac54a10268ed55ad71a0d2e441b5c
shaderc	release	2026.4
shadow	commit	b8d3549a49acfe967f45aebaf06d474c82c46d22
shadow	release	4.20.3
shared-mime-info	commit	433be9a1d72c142fe85d741674a1d74b58ff3de2
shared-mime-info	release	2.5.1
sharutils	commit	81ce3ccf93e5252c40e7e2515fe7dc800ad9ac30
sharutils	release	4.15.2
shellcheck	commit	4549614bc0bba15231f9fc20cb7146c91a8758aa
shellcheck	release	0.11.0
simde	commit	0ff5341927e15df0c3da8bb13bb32ec7f95aef84
simde	release	0.8.2
simdutf	commit	cf8715fad4d55c87aad3006a9a82531f740605b8
simdutf	release	9.2.1
slang	commit	1c110f263ab488b3307013779227bb1953b9a466
slang	release	2.3.3
slfs	commit	49e0ea59a9817626c35dd1a5bda5f2a91a43a435
slfs	release	13.1
slibtool	commit	fba3f81c9270cff16900140e6a370984b46b5c1c
slibtool	release	0.7.4
slop	commit	b0228305332da465d536cae533895934ab0ac58b
slop	release	7.7
slurp	commit	a3998d3ec79fbd85b81911f43010466b032ed0d9
slurp	release	1.5.0
smartmontools	commit	c98166477a7de62eaa5554a04cefa1d943ca195c
smartmontools	release	7.5
smproxy	commit	9addbae5c207ce5aacecdee4492d5fe4b9d5f44b
smproxy	release	1.0.8
s-nail	commit	f08e63d986cb764612bb0d31964ea30e02691813
s-nail	release	14.9.25
s-nail	unstable	14.10.0-alpha
snowball	commit	14a4f24e4cf64f1003d1205edc0713b8111a18a8
snowball	release	3.1.1
socat	commit	af5388c898c7bb60997935aee93c223deba60c4a
socat	release	1.8.1.3
socat	unstable	2.0.0-b9
soundtouch	commit	f738b1132ec1fd56efc90367898244cf52d9e6a5
soundtouch	release	2.4.1
sowm	commit	f4cb48d7afeda195a73ff2bfdd3f85a016d53cec
sowm	release	1.6
speexdsp	commit	bd0607c0c194cadce66c0e8013486189ce94ea8d
speexdsp	release	1.2.1
speex	commit	05895229896dc942d453446eba6f9f5ddcf95422
speex	release	1.2.1
sphinx	commit	b04a2101295ac3fb725b16111eda0284b6da4cca
sphinx	release	9.1.0
spirv-headers	commit	cb42dec3830d3ac67fa449ecdc0c0f73d5e74498
spirv-headers	sdk	1.4.363.0
spirv-llvm-translator	commit	765b1950d2bee69841428a99e34aaaae401c6381
spirv-llvm-translator	release	23.1.2
spirv-tools	commit	4f3a92dfbd5b49593e43b3c245b6688da2ad933a
spirv-tools	release	2026.3
spirv-tools	sdk	1.4.363.0
sqlite	commit	9696acb0c77f1c1a7a400446686debc1312c94bc
sqlite	release	3.53.4
squashfs-tools	commit	db038ef265ed00bb17aaf695a72f9b0c3489eb20
squashfs-tools	release	4.7.5
sshfs	commit	a5d0c9b3b66ae00c1b97c95dbc00789f77b89dd0
sshfs	release	3.7.6
startup-notification	commit	64eb585315cfb1fb4fe68c8f705956e9fed46545
startup-notification	release	0.12
steam	release	1.0.0.87
strace	commit	bf822b2dd9ca0d51e992629f6f30687ed8abe696
strace	release	7.2
strip-nondeterminism	commit	904281367bd7fbc34a0831a28dd40457b6753c1c
strip-nondeterminism	release	1.15.1
stunnel	release	5.82
st	commit	04ce0d643ed17793803e8516f4c9a5b13b93c400
st	release	0.9.3
subversion	release	1.15.0
sudo-rs	commit	b8ae2febe9ed5984d14609865dd3d4696cd33bdb
sudo-rs	release	0.2.15
sudo	commit	908291d7378c8442caee1ae45fc3a2daa2189c4d
sudo	release	1.9.17p2
svt-av1	commit	d235cfcc0cfa0a24ec32ea77ec156907921e3a23
svt-av1	release	4.2.0
svt-av1	unstable	4.2.0
swappy	commit	ff7d641b8c0d461b8a90448a5893e4aa3a0533b1
swappy	release	1.8.0
swc	commit	e4ce1677c1c40af905253a81f025773822f567ea
swig	commit	c051da89d4a572fe12f0d9b1f63a60d090fb8c64
swig	release	4.5.1
sxhkd	commit	2cc7aca40f38cd47fbeea1f37fe310ef34386435
sxhkd	release	0.6.3
sxwm	commit	ba5801fd8cb204aee48ab4a94b835e843e673b1f
sxwm	release	1.7
sysklogd	commit	06df5e944d40694a1d17d8a25b82ba2f6e32c391
sysklogd	release	2.7.2
sysmon3	commit	40d38d4fe5db80c7ae21c6bdf30ba69e2f6c401f
sysmon3	release	3.0.4
sysmond	commit	12c69eea82bb80496bb92d20d0e3400680c015a2
sysmond	release	1.0.1
sysstat	commit	c41a97b2e4f025c932c55980ed8e595df6596c19
sysstat	release	12.8.0
systemd	commit	b43fed88efe34889a49a7710a92141849dc4906d
systemd	release	262
sysvinit	commit	a847a51f0ac53ce9f4dca8fa8bca5c7ebb766c04
sysvinit	release	3.18
talloc	release	2.5.0
tar	release	1.35
tcc	commit	9db1105c32afd3dcf0c28b8186f08e63c761b2b5
tcc	release	0.9.27
tcl	8	8.6.18
tcl	commit	91c50d63c4fb558ee6047fd5f28b94af76710577
tcl	release	9.1.0
tcl	unstable	9.1.0
tcpdump	commit	eebca9915dc33ce4724ca55010c507c80f519c1b
tcpdump	release	4.99.7
tcsh	commit	b7db07931546178c4cb2542b5fc850c483628ed5
tcsh	release	6.24.16
tealdeer	commit	9a44521642a92102243b3022d03fcbe35eac9ab3
tealdeer	release	1.9.0
texinfo	release	7.3
theora	commit	28fd5ec77f0ad0e07a371cef1047828116f6bd8a
theora	release	1.2.0
theora	unstable	1.2.0
tidy	commit	d08ddc2860aa95ba8e301343a30837f157977cba
tidy	next	5.9.14-next
tidy	release	5.8.0
time	commit	401c6a4d21b33506fb0c193a5faeda451690d5ce
time	release	1.10
tinaries	commit	a22399907efdb815de9e4da6638855b1bb550e84
tinaries	release	0
tinyxxd	commit	da64dbf542cc27ba614e45fcaf82955fa4643d16
tinyxxd	release	1.3.17
tk	8	8.6.18
tk	commit	59fd71d9c3cc0b7c6c09a15062d8114dc9586e48
tk	release	9.1.0
tk	unstable	9.1.0
tldraw	commit	4531a1608b23513f853c62be3b7225be63f2cd94
tldraw	release	5.5.0
tllist	commit	16aed7d90b74777c9e20c4eb5c675dfd2b52455c
tllist	release	1.1.0
tmux	commit	5a820e63b72f05c121441149c72327aeeb16dfa4
tmux	release	3.7c
tomlplusplus	commit	1e8829b793b66ad17011732a146b8077d379b011
tomlplusplus	release	3.4.0
traceroute	release	2.1.6
tree	commit	1a41b51bea1cec4109eb9f726370449b384b4576
tree	release	2.3.2
tripwire	commit	4c84a884711ad11cd9914fb18cebbd1052149525
tripwire	release	2.4.3.7
tuun	commit	4bfdca935dffc422d2b9a769f2e362e2797a3cbe
tuun	release	5.11.2
typos	commit	13d4ad9e5ad5db0958564fe6fb02b9b0f5ddb1aa
typos	release	1.50.3
typst	commit	e58a63af09032a486b12241d08ebd04131483221
typst	release	0.15.1
tz	release	2026e
ublock	commit	01092d95dbc7d91599a5ad017d5b98aba1118659
ublock	release	1.75.0
ublock	unstable	1.75.1b1
uchardet	commit	06029ec3340cdf6bf9a6a537dafb3f39eda0560e
uchardet	release	0.0.8
udisks	commit	2fc937ab8d5a37b048dabb405d8e7abf058c3afd
udisks	release	2.11.2
ufw	commit	bdb71dc636c918421d50cac647353b2be08202a0
ufw	release	0.36.2
uhttpmock	commit	d8deb39538adefeb634aa6fe8014a1f39d06016a
uhttpmock	release	0.5.1
umockdev	commit	01daab92eab4c8b5628b843facf97965c691f906
umockdev	release	0.19.9
unbound	commit	40d36cda61cc2fa572d742eaf4e5bbca26998842
unbound	release	1.26.1
unbound	unstable	1.26.1
unibilium	commit	b0567db6a30898d8b25d206223960a8be2795fa8
unibilium	release	2.1.4
unifdef	commit	08d12cd3059fe072929ea001ad9833f5487fd355
unifdef	release	2.12
unixodbc	commit	d6c1a1cabbb918edfdcf62e61529120335a98140
unixodbc	release	2.3.14
unrar	release	7.3.1
unzip	release	6.0
unzip	unstable	6.10b
upower	commit	a869618f100406491dea10f6a9ec7021a1ee9bca
upower	release	1.91.4
usbutils	commit	24e48ca72b057f86356e9f0f156b858a050cbfc7
usbutils	release	019
usrsctp	commit	fd070e05a7474f38c7fecdf4d4b6005d2547ee00
usrsctp	release	0.9.5.0
utf8proc	commit	4bfe012cb879a58a70715526e9db6a49486df571
utf8proc	release	2.12.0
utfcpp	commit	3d1ff6dbf54e471c846dff55dda6c8ee10c0ee5c
utfcpp	release	4.2.1
uthash	commit	a49bed0b4abb7dff16c73906dcdc8a9718d582d2
uthash	release	2.4.0
util-linux	commit	8a937b74de272becd891fb0d1530fc5bb0514e7e
util-linux	release	2.42.4
util-linux	unstable	2.42.4
util-macros	commit	ea1e15a4909ac8b03b2c5a08ac3810b385985157
util-macros	release	1.20.2
vala	commit	25ede52578acc706c07b8816eeceb914510505b3
vala	release	0.56.19
vala	unstable	0.57.0
valgrind	commit	0ff27aab0831786c7f419e73a2b5217cbbcc792d
valgrind	release	3.27.1
vat	commit	d245fc30ab42c529e563ea2ac141e5342a3e02f9
vat	release	3.3.5
velox	commit	40b3f9c58edcc35efe3d37ffed50b067dbd431b8
velox	release	0.0.3
versort	commit	f8418099e7a81a9a2b0637d965e1ac030e375f39
versort	release	0.3.2
vesktop	commit	0ead609c431ac1581489723a3af69b612740774b
vesktop	release	1.6.7
vim	commit	e2b1d7890c596a695550d51617c43742fdca5292
vim	release	9.2.1162
violentmonkey	commit	7f9ec14863e721c57413fefa0a82f0909c8642bb
violentmonkey	release	2.49.3
vkd3d-proton	commit	44cf7c2042168f3b8ee37249f0a53ac091e48fd9
vkd3d-proton	release	3.0.1
vorbis	commit	1b75110b5a2754ba1931d82dd83cb822b266a21d
vorbis	release	1.3.7
vulkan-headers	commit	3c65a01745e4a1134d32b9c2c456472212dba16d
vulkan-headers	release	1.4.364
vulkan-headers	sdk	1.4.363.0
vulkan-loader	commit	a3f52c7e776b3d8ab3a731f0dc2b4080d27de33e
vulkan-loader	release	1.4.364
vulkan-loader	sdk	1.4.363.0
w3m	commit	d8cdb74ed84b8de342e6efc227ae79457da85446
w3m	release	0.5.6
wayfire-plugins-extra	commit	ec89a23f37705ae3c3a6020289148c451d7817a3
wayfire-plugins-extra	release	0.11.2
wayfire	commit	d181484caad77e212b2cd0b6e1a042635709b93f
wayfire	release	0.11.0
wayland-protocols	commit	aa62366fb800a0689f4e9de83811ff33f6a91f44
wayland-protocols	release	1.49
wayland	commit	1bd29e0709db70b6463c947f150ea20dcfce9cac
wayland	release	1.26.0
wayland	unstable	1.26.0
waypipe	commit	6cccb84b74f2e9e5e88a77d004a58c7a87f5b97e
waypipe	release	0.11.2
waypipe	unstable	0.11.2
wbg	commit	bc00df2244a0d8f88d4051f505ef9aebb51447ca
wbg	release	1.3.0
websocketpp	commit	4dfe1be74e684acca19ac1cf96cce0df9eac2a2d
websocketpp	release	0.8.2
wev	commit	b09b664dd2d1b11dd68e03f8c0363ac0ef76f1e0
wev	release	1.1.0
wf-config	commit	add9ba7a47492d4f86482b0a308d9054a825637e
wf-config	release	0.11.0
wget2	commit	acf7f4ecd35e9d353bfb5d3ad216dd5368f1b3d4
wget2	release	2.3.0
wgetpaste	commit	fffbdf174a3dab6a39ca9f95a8bef0a641f80dce
wgetpaste	release	2.34
wget	commit	34b9afbafb52f9296e5a9105c71059aea9c38987
wget	release	1.25.0
wheel	commit	b25c3c2ef5c789116b0545889aea68f5f65185a7
wheel	release	0.48.0
which	release	2.25
whois	commit	54d60d8ebaf0034dc485a56bbb08f9f1356d7545
whois	release	5.6.6
widle	commit	8d3575f8112a3ef7e909a093d91b3b05cdda0293
widle	release	1.0
winetricks	commit	f3890f670867b5ffbc3938726db45c0f7d16c8ba
winetricks	release	20260125
wine	commit	13625e51fd62639c8a60d7c2774ae70d93eaf446
wine	release	11.18
wine	unstable	11.18
wireless-tools	commit	c1074342112d8a4cdc44275b1bc15701aaf7f30b
wireless-tools	release	29
wireplumber	commit	bdc17eb2c419cbe41dbb248cf20cbe93370ee2f7
wireplumber	release	0.5.18
wireshark	commit	ea132db16cb69a540f9c6f7652523fdc62751506
wireshark	release	4.7.3
wireshark	unstable	4.7.4rc0
wl-clipboard	commit	16cf9d3fcccff525574364bf6ddc676352f49e92
wl-clipboard	release	2.3.0
wld	commit	beceef214d3a69f4488fe1ec2674e1016ceb0988
wlroots	commit	13eca270a93348e092fd2ef78c8f23321e938215
wlroots	release	0.20.2
wlr-randr	commit	b214653d6f049055c142cf6ad827539598bf65a4
wlr-randr	release	0.5.0
woff2	commit	fb9c3379f2605b10f3e8f1d9636664ab5576775c
woff2	release	1.0.2
wofi	commit	d51dd3f850f62b8c917184fd66c9859f719cee89
wofi	release	1.5.3
wpa_supplicant	commit	cbd106d9064ea12af774a6689ecfda9630a551fb
wpa_supplicant	release	2.12
wsxwm	commit	f6a22e6d3c083cca5193e3f86154e2d654528ade
wv	commit	4ccc6a152e42668f65a659e2a9a31499b0b04250
wv	release	1.2.9
x264	commit	0480cb05fa188d37ae87e8f4fd8f1aea3711f7ee
x265	commit	b81f650e21e8aacbe6a9ad04ce14aefc05b932c0
x265	release	4.2
xapian	commit	338c0800c47738be4aa133692a4e193a754c4c90
xapian	release	2.1.0
xauth	commit	06c39dd0f7e19950e835a062edee8a2272e3270c
xauth	release	1.1.5
xbitmaps	commit	433634f36f791c2779af974ab444c4b521b4a4d8
xbitmaps	release	1.1.4
xcb-imdkit	commit	44f5c8219bcae9e6afc2391dc50486efcf0bdf06
xcb-imdkit	release	1.0.9
xcb-proto	commit	cf7e2581b613802f2f8ec2a4b50a6a20aad4bf52
xcb-proto	release	1.17.0
xcb-util-cursor	commit	ed42261df0e24e3075320cc18ba265154e037622
xcb-util-cursor	release	0.1.6
xcb-util-errors	commit	b90bcfbb7a41716a40fe7fb11518cc89190dbe85
xcb-util-errors	release	1.0.1
xcb-util-image	commit	01ad59a77ed784d697a5cf4918bbf19762fee375
xcb-util-image	release	0.4.1
xcb-util-keysyms	commit	8512ff8ec39f0f8fd3fa927190a353f998ff03ca
xcb-util-keysyms	release	0.4.1
xcb-util-renderutil	commit	9871b2d1df432b72df7aae780775bb8679ee7c98
xcb-util-renderutil	release	0.3.10
xcb-util	commit	523cbc8af809d9525703f2fa3680d8c880fe4e9c
xcb-util	release	0.4.1
xcb-util-wm	commit	d61a369cc42cbe8bc0a6cda2ee88d230102cb941
xcb-util-wm	release	0.4.2
xcb-util-xrm	commit	a17de570ab18bfd8b7b9bf23af9e0bb2249d02c9
xcb-util-xrm	release	1.3
xclip	commit	2c3b811002b35d3be7f39cc1145dd06bdb32e31c
xclip	release	0.13
xcmsdb	commit	1362cf250cb70a4bb02466f5a2ccb80e6f45a5d5
xcmsdb	release	1.0.7
xcursorgen	commit	aea43949906e1fd3629793f3ff861d5a36440cc2
xcursorgen	release	1.0.9
xcursor-themes	commit	888972dbc567232c30370fb8952c54541c37b235
xcursor-themes	release	1.0.7
xdg-dbus-proxy	commit	72b40c8f6d9d585cfbdb249690724f740d207087
xdg-dbus-proxy	release	0.1.9
xdg-desktop-portal-gtk	commit	5409af76b4514e187bd2f29033fa0fadad54a5de
xdg-desktop-portal-gtk	release	1.15.3
xdg-desktop-portal-hyprland	commit	e87ae7823e7bf0601385220c69b5a3b245123fc5
xdg-desktop-portal-hyprland	release	1.4.1
xdg-desktop-portal	commit	7b17a3297b76c20f65c3f0ebd9f91a7ae669a115
xdg-desktop-portal	release	1.22.1
xdg-desktop-portal-wlr	commit	c0255d7b047b7263629ab5a314661045ff7f65e3
xdg-desktop-portal-wlr	release	0.8.4
xdg-user-dirs	commit	15e94fbf7a6e62bc788c6309c50d3ea376f8b491
xdg-user-dirs	release	0.20
xdg-utils	commit	03707c1f1d2b4683d0309987ab973cd267d1db67
xdg-utils	release	1.2.1
xdotool	commit	14ca26a2c95035f9c635a6a11d075e8d7d0d6529
xdotool	release	4.20260303.1
xdpyinfo	commit	80d576e87a198a509b60d9aae1032e42fc7065da
xdpyinfo	release	1.4.0
xdriinfo	commit	9335bc44e92973dd1b186ff915153e5ae0c7f48c
xdriinfo	release	1.0.8
xev	commit	31e37ca76353efde2116b66c375d25ba60165e36
xev	release	1.2.7
xeyes	commit	e26ce19f453020700be482f0f5a93d625254a0e7
xeyes	release	1.3.1
xf86-input-evdev	commit	0b5b97bc6bad9d0dc1ae9d5de966882a86f1e55a
xf86-input-evdev	release	2.11.0
xf86-input-libinput	commit	ac862672e4d04e78f2b647af9d3d14544454e4b9
xf86-input-libinput	release	1.5.0
xf86-input-synaptics	commit	1dee04e3f29840b3618a5cd4dc87367419103d18
xf86-input-synaptics	release	1.10.0
xf86-input-wacom	commit	2d8e0f866e6f901434ea1c551a3d44f6c4576a41
xf86-input-wacom	release	1.2.4
xfgsprogs	commit	84c54d6c0c3b65a3d1f10c4d3ac926bf9ef49b0b
xfgsprogs	release	7.2.0
xfsprogs	commit	84c54d6c0c3b65a3d1f10c4d3ac926bf9ef49b0b
xfsprogs	release	7.2.0
xgamma	commit	b383359e3b572157d6dee970ddcf28aeac47a4e7
xgamma	release	1.0.8
xhomer	release	2.19.24
xhost	commit	101ebe8754637443b0fde22886c4962f638c0fe6
xhost	release	1.0.10
xh	commit	2404aceecc08b0b2d100fedc96f57745cd5904dc
xh	release	0.26.2
xinit	commit	7b4aa8566e7580ca5271320693dadbbff83f4b91
xinit	release	1.4.4
xinput	commit	c13504efff3f87fcf75a5a5f66ccb36eae0f7dda
xinput	release	1.6.4
xkbcomp	commit	4e36eaa6b6530c195a0c59f0bbab86aa8512c26e
xkbcomp	release	1.5.0
xkbevd	commit	c5d853cc465f7343f86646af41be51dd0cd0db35
xkbevd	release	1.1.6
xkbutils	commit	a8504b3ba1631b40ad76e06a5fd23c6ac374a555
xkbutils	release	1.0.7
xkeyboard-config	commit	582bb71b64c4a638a2aad63256b78508081c14e8
xkeyboard-config	release	2.48
xkill	commit	6b2948f43fa97824b53b602ee97204d3c2b9658c
xkill	release	1.0.7
xlsatoms	commit	95f8cc5656d8920ab00414e3b454ff0f0b4ee735
xlsatoms	release	1.1.5
xlsclients	commit	c2d269c42ecc1437aa4e71c5d940a7de54131d9b
xlsclients	release	1.1.6
xmessage	commit	a9b9dde6c3578107b4db62c1a40876baa2ce3d21
xmessage	release	1.0.7
xml-parser	commit	5a28ad1788f618b9a910fbfb0a53493dd5df482d
xml-parser	release	2.59
xmlstarlet	commit	a7228161756b47e1348a6ad97bda10e511cb546a
xmlstarlet	release	1.6.1
xmlto	commit	a6c67008eeb1299f3fcdeb829646de4b3a018b3f
xmlto	release	0.0.29
xmodmap	commit	55b2208d2acea9609d81afe657da00859ae19e70
xmodmap	release	1.0.12
xorgproto	commit	fd86fbff46eb7ab8e193c12b8a529e90bae31835
xorgproto	release	2025.1
xorg-server	commit	b125b19fc24aea1984354814a74e0623b9974f9e
xorg-server	release	21.1.24
xorg-server	unstable	26.0.99.902
xprop	commit	d727da3ea929a9bb6d5c3677019e34ba79258ff0
xprop	release	1.2.8
xpr	commit	8e3a5fba2965c88104cad56fc3239f282b2e70f4
xpr	release	1.2.1
xrandr	commit	0a9c71cc8a44798ad2ce9a4d27aa33470bff5da3
xrandr	release	1.5.4
xrdb	commit	aaf6f3df9377a44081af49a7fb2ae14aa3a18e60
xrdb	release	1.2.3
xrefresh	commit	f82cf4ba4c1e183130efe09888b2bf421e2c2bab
xrefresh	release	1.1.1
xsetroot	commit	ea3de0ef94ca885f7104c9db34efe7e150e28269
xsetroot	release	1.1.4
xset	commit	498f661ca0a725a4750e3e7c091c5752b1a52bd8
xset	release	1.2.6
xtrace	commit	526c7708eeb6299efd872d181cd431b0853b9ebb
xvidcore	release	1.3.7
xvinfo	commit	87503b084c7a281bab9bd501227145cac1506d25
xvinfo	release	1.1.6
xwayland	commit	b125b19fc24aea1984354814a74e0623b9974f9e
xwayland	release	24.1.13
xwayland	unstable	26.0.99.902
xwd	commit	f702eb03b6a5553f3da3a5db636234f5b38ec464
xwd	release	1.0.10
xwininfo	commit	627235a304fcafc450045412c780c94a44a00031
xwininfo	release	1.1.7
xwud	commit	899b8790eef3c93d4a8b5f742196f5fabf4b979c
xwud	release	1.0.8
xxhash	commit	680bf463fa1ca0461b9a7c2dab7556e1f54cf4cf
xxhash	release	0.8.4
xz	commit	3b1efb04d17c3a9ef7f473d73af13f1531428ffe
xz	release	5.8.4
xz	unstable	5.8.4
yajl	commit	5e3a7856e643b4d6410ddc3f84bc2f38174f2872
yajl	release	2.1.0
yasm	commit	09d1bc90ed53d0ec3e9b074f111058cbf262ed56
yasm	release	1.3.0
ydotool	commit	708e96ff27e381a8c549418a9d34cdde12305317
ydotool	release	1.0.4
yt-dlp	commit	51bab8a0116f4d8004c315706d809782607d5847
yt-dlp	release	2026.08.19
yyjson	commit	6447536015f3d600f3d65323b10976103b337ca7
yyjson	release	0.13.0
zathura-pdf-mupdf	commit	ee8a05754c91796811743d44de6936dd1d6d4495
zathura-pdf-mupdf	release	2026.07.18
zathura	commit	3fbb18a9696baa9a7ab276c8997ba6e6ab4c926b
zathura	release	2026.07.18
zig	commit	faa537cf9c732b19baa285df9915384bd55dbd2f
zig	release	0.17.0
zip	release	3.0
zip	unstable	3.1c
zlib-ng	commit	a7f510904e238e55386769a475fef1c100d9d6c1
zlib-ng	release	2.3.3
zlib	commit	767c4c947852e143f582c85f14cf573411df1b35
zlib	release	1.3.2
zoxide	commit	9a6d2d4cecb9b31c989fc9db4f15b3f7be48333a
zoxide	release	0.10.0
zsh	commit	8cc5eade5ff80de1dca7bd27509eddca4f849f29
zsh	release	5.9.2
zstd	commit	01b7154f1172432f8abe9b3bb9909e14a1176b7d
zstd	release	1.5.7
zutty	commit	4b6bfc16be46c4e1f45959ff76e7b6ce047af8a6
zutty	release	0.17
zxing-cpp	commit	2ecec3f5be0ee803f6e14a5a2c7028c0cfe525b4
zxing-cpp	release	3.1.1
